"input","output"
"幾天","幾天"
"百分之百","百分之百_A"
"百分之百","百分之百_B"
"好多","好多"
"推鉛球","推鉛球"
"算盤","算盤"
"會","會_N"
"會","會_S"
"原住民","原住民_A"
"以上","以上"
"豐富","豐富"
"附件","附件"
"伴","伴"
"成","成"
"積怨","積怨_A"
"積怨","積怨_B"
"積怨","積怨_C"
"跨越","跨越"
"行動","行動"
"增加","增加"
"加油","加(汽)油"
"上癮","上癮_A"
"上癮","上癮_B"
"地址","地址_A"
"地址","地址_B"
"地址","地址_C"
"地址","地址_D"
"調配","調配"
"冒險","冒險_A"
"冒險","冒險_B"
"冒險","冒險_C"
"冒險","冒險_D"
"事情","事情"
"影響","影響"
"慈愛","慈愛"
"蓋章","蓋章"
"危險","危險"
"怕","怕_S"
"非","非_A"
"非","非_B"
"到底","到底"
"下午","下午_B"
"下午","下午_A"
"再","再_A"
"再","再_B"
"同意","同意_B"
"同意","同意_A"
"耕田","耕田"
"空軍","空軍"
"飛機","飛機"
"機場","機場"
"阿里山","阿里山"
"完全","完全"
"從早到晚","從早到晚_A"
"從早到晚","從早到晚_B"
"光了","光了_A"
"光了","光了_B"
"差不多","差不多"
"快好了","快好了"
"光棍","光棍_A"
"過了","過了_B"
"已經","已經_B"
"也","也"
"總是","總是"
"救護車","救護車"
"兒童樂園","兒童樂園"
"以牙還牙","以牙還牙"
"祖先","祖先"
"古","古"
"和","和"
"而且","而且"
"角","角"
"火大","火大_A"
"火大","火大_B"
"動物","動物"
"兼併","兼併"
"宣佈","宣佈"
"回答","回答"
"螞蟻","螞蟻_A"
"螞蟻","螞蟻_B"
"反","反"
"大廈","大廈_A"
"大廈","大廈_B"
"中風","中風"
"上告","上告"
"鼓掌","鼓掌"
"約","約_B"
"學徒","學徒_A"
"學徒","學徒_B"
"大約","大約"
"檳榔","檳榔"
"環島","環島"
"安排","安排"
"佈置","佈置"
"到","到"
"遲到","遲到_A"
"目中無人","目中無人_B"
"目中無人","目中無人_C"
"人工電子耳","人工電子耳"
"不要臉","不要臉_A"
"亞","亞"
"亞洲","亞洲"
"問","問"
"互問","互問"
"分配","分配"
"刮目相看","刮目相看"
"在","在"
"攻擊","攻擊"
"企圖","企圖"
"勾引","勾引"
"典禮","典禮"
"澳洲","澳洲_A"
"澳洲","澳洲_B"
"澳洲","澳洲_C"
"見錢眼開","見錢眼開_B"
"見錢眼開","見錢眼開_A"
"見錢眼開","見錢眼開_C"
"見錢眼開","見錢眼開_D"
"獎狀","獎狀"
"青","青"
"把","把"
"嬰兒","嬰兒"
"光棍","光棍_B"
"單身女","單身女"
"後面","後面"
"壞","壞"
"壞習慣","壞習慣_A"
"壞習慣","壞習慣_B"
"不好看","不好看"
"倒楣","倒楣_A"
"倒楣","倒楣_B"
"運氣差","運氣差_A"
"乞丐","乞丐_A"
"乞丐","乞丐_B"
"保釋","保釋"
"禿頭","禿頭"
"球","球"
"原子筆","原子筆_A"
"原子筆","原子筆_B"
"竹子","竹子_N"
"竹子","竹子_S"
"筍","筍_A"
"筍","筍_B"
"香蕉","香蕉"
"板橋","板橋"
"銀行","銀行"
"垮台","垮台"
"赤膊","赤膊"
"根本","根本_N"
"根本","根本_S"
"棒球","棒球_A"
"棒球","棒球_B"
"籃子","籃子"
"籃球","籃球"
"洗澡","洗澡_A"
"洗澡","洗澡_B"
"搏鬥","搏鬥"
"烤肉","烤肉"
"是","是"
"出獄","出獄_A"
"出獄","出獄_B"
"忙得不可開交","忙得不可開交"
"吃不消","吃不消_A"
"吃不消","吃不消_B"
"吃不消","吃不消_C"
"豆","豆"
"熊","熊"
"八字鬍","鬍子(八字鬍)"
"鬍子","鬍子"
"美","美_N"
"美","美_S"
"床","床"
"蜜蜂","蜜蜂"
"傳呼機","傳呼機"
"啤酒","啤酒"
"之前","之前"
"求","求"
"被發現","被發現_A"
"被發現","被發現_B"
"北投","北投_A"
"北投","北投_B"
"相信","相信"
"歧視","歧視_A"
"歧視","歧視_B"
"鈴","鈴_B"
"鈴","鈴_A"
"以下","以下"
"腰帶","腰帶"
"仁","仁"
"打賭","打賭_A"
"打賭","打賭_B"
"間","間_A"
"間","間_B"
"飲料","飲料"
"自行車","自行車_A"
"自行車","自行車_B"
"標會","標會"
"得標","得標_A"
"得標","得標_B"
"大","大"
"撞球","撞球"
"鳥","鳥"
"出生","出生"
"生","生_B"
"咬","咬"
"黑","黑"
"勒索","勒索"
"黑市","黑市"
"陰溝裡翻船","陰溝裡翻船_A"
"陰溝裡翻船","陰溝裡翻船_B"
"盲","盲"
"血","血_A"
"血","血_B"
"血型","血型"
"吹","吹"
"藍","藍"
"唬人","唬人"
"看不清楚","看不清楚"
"臉紅","臉紅"
"吹牛","吹牛"
"舟","舟"
"身體","身體_A"
"身體","身體_B"
"煮","煮"
"臉皮厚","臉皮厚"
"骨頭","骨頭"
"書","書"
"麻煩","麻煩"
"盆","盆"
"保齡球","保齡球"
"盒子","盒子"
"童子軍","童子軍"
"煞車","煞車_A"
"失約","失約_B"
"樹枝","樹枝"
"分支機關","分支機關"
"胸罩","胸罩_A"
"胸罩","胸罩_B"
"勇敢","勇敢"
"麵包","麵包"
"打破","打破"
"呼吸","呼吸"
"喘","喘"
"賄賂","賄賂"
"橋","橋"
"光","光_B"
"明","明"
"抗議","抗議"
"大開眼界","大開眼界"
"咖啡色","咖啡色"
"刷子","刷子"
"桶子","桶子"
"佛","佛"
"昆蟲","昆蟲"
"負荷","負荷"
"埋葬","埋葬"
"公共汽車","公共汽車_A"
"生意","生意"
"熱鬧","熱鬧_A"
"熱鬧","熱鬧_B"
"忙","忙"
"不過","不過"
"蝴蝶","蝴蝶"
"屁股","屁股"
"鈕扣","鈕扣"
"買","買_A"
"買","買_B"
"櫃子","櫃子"
"蛋糕","蛋糕"
"日曆","日曆"
"叫","叫"
"點名","點名"
"書法","書法"
"息怒","息怒"
"駱駝","駱駝"
"照相","照相_A"
"拍照","拍照_B"
"能","能"
"罐頭","罐頭_A"
"罐頭","罐頭_B"
"會一點","會一點_A"
"會一點","會一點_B"
"一筆勾銷","一筆勾銷"
"癌症","癌症"
"蠟燭","蠟燭"
"糖果","糖果_A"
"糖果","糖果_B"
"糖果","糖果_C"
"炮","炮_A"
"炮","炮_B"
"拮据","拮据_A"
"想不起來","想不起來_B"
"忍不住","忍不住"
"不行","不行"
"未遂","未遂"
"聽不見","聽不見"
"京","京_N"
"京","京_S"
"車","車_A_N"
"車禍","車禍_A"
"車禍","車禍_B"
"車","車_B_N"
"車","車_S"
"閃光信號車","閃光信號車"
"片","片"
"注意","注意"
"不小心","不小心_A"
"不小心","不小心_B"
"刨木頭","刨木頭"
"木匠","木匠"
"毛毯","毛毯"
"帶","帶"
"提燈","提燈"
"提","提"
"挑","挑_A"
"挑","挑_B"
"雕刻","雕刻"
"貓","貓"
"抓","抓_A"
"抓","抓_B"
"感冒","感冒_A"
"感冒","感冒_B"
"剁","剁"
"分類","分類_B"
"天主教","天主教"
"山洞","山洞"
"天花板","天花板"
"慶祝","慶祝_A"
"慶祝","慶祝_B"
"細胞","細胞"
"央","央"
"椅子","椅子"
"主席","主席"
"粉筆","粉筆"
"張","張"
"改","改"
"變成","變成"
"位置交換","位置交換_A"
"位置交換","位置交換_B"
"位置交換","位置交換_C"
"位置交換","位置交換_D"
"彰化","彰化(地名)"
"表格","表格"
"追","追"
"聊天","聊天"
"口沫橫飛","口沫橫飛_A"
"口沫橫飛","口沫橫飛_B"
"口沫橫飛","口沫橫飛_C"
"便宜","便宜_A"
"便宜","便宜_B"
"作弊","作弊"
"厚臉皮","厚臉皮"
"化學","化學"
"陳","陳_A(姓)"
"陳","陳_B(姓)"
"鄭","鄭(姓)"
"櫻桃","櫻桃"
"栗子","栗子"
"嘉義","嘉義_A(地名)"
"嘉義","嘉義_B(地名)"
"雞","雞"
"主任","主任"
"小孩","小孩"
"幼稚","幼稚"
"字","字"
"象棋","象棋"
"油條","油條_N"
"春節","春節_A"
"春節","春節_B"
"春節","春節_C"
"水餃","水餃"
"清朝","清朝"
"邱(姓)","邱(姓)"
"挑選","挑選"
"砍樹","砍樹"
"筷子","筷子_N"
"筷子","筷子_S"
"周","周(姓)"
"基督教","基督教"
"聖誕節","聖誕節_B"
"聖誕節","聖誕節_A"
"菊花","菊花_A"
"菊花","菊花_B"
"川","川"
"教堂","教堂"
"蟬","蟬"
"抽煙","抽煙"
"市","市"
"城","城_N"
"城","城_S"
"文明","文明"
"索賠","索賠"
"蚌","蚌"
"班","班"
"同學","同學_A"
"同學","同學_E"
"同學","同學_B"
"同學","同學_C"
"同學","同學_D"
"同學","同學_F"
"乾淨","乾淨"
"清楚","清楚"
"牧師","牧師"
"關門","關門"
"闔眼","闔眼"
"布","布_A"
"布","布_B"
"衣服","衣服"
"衣架","衣架"
"雲","雲"
"陰天","陰天"
"小丑","小丑_A"
"小丑","小丑_B"
"蟑螂","蟑螂"
"咖啡","咖啡"
"冬","冬_A"
"塌陷","塌陷"
"收集","收集"
"大學","大學"
"顏色","顏色_A"
"式","式_C"
"來","來"
"舒服","舒服_A"
"舒服","舒服_B"
"司空見慣","司空見慣_B"
"命令","命令"
"紀念","紀念"
"會員","會員"
"委員","委員"
"品","品"
"司空見慣","司空見慣_A"
"交際","交際"
"通學","通學_B"
"公司","公司"
"比較","比較"
"賠錢","賠錢"
"比賽","比賽"
"複雜","複雜"
"作文","作文"
"電腦","電腦"
"關心","關心"
"衝突","衝突"
"祝","祝"
"守舊","守舊"
"保守","保守_B"
"一致","一致"
"團結","團結"
"束縛","束縛"
"建設","建設"
"聯絡","聯絡"
"散播","散播"
"簽約","簽約"
"反覆","反覆_A"
"反覆","反覆_B"
"控制","控制_A"
"控制","控制_B"
"筆談","筆談_A"
"餅乾","餅乾"
"抄","抄_A"
"抄","抄_B"
"玉米","玉米"
"正確","正確"
"走廊","走廊"
"貪污","貪污"
"美容","美容"
"棉花","棉花_A"
"棉花","棉花_B"
"咳嗽","咳嗽"
"國","國"
"鄉","鄉"
"縣","縣"
"課","課"
"契約","契約_A"
"契約","契約_B"
"貪心","貪心"
"牛","牛"
"螃蟹","螃蟹_A"
"螃蟹","螃蟹_B"
"鶴","鶴"
"發狂","發狂"
"刑警","刑警"
"批評","批評"
"穿越","穿越"
"烏鴉","烏鴉"
"湧入","湧入"
"擁擠","擁擠"
"殘忍","殘忍"
"哭","哭_A"
"哭","哭_B"
"栽培","栽培"
"文化","文化"
"杯子","杯子"
"醫治","醫治"
"好奇","好奇"
"風俗","風俗"
"切","切"
"缺席","缺席"
"逃學","逃學"
"插隊","插隊"
"一人一半","一人一半"
"降價","降價_A"
"降價","降價_B"
"烏賊","烏賊"
"跳舞","跳舞_N"
"跳舞","跳舞_S"
"當","當"
"不敢吃","不敢吃"
"女兒","女兒"
"日","日_B"
"後天","後天"
"前天","前天"
"日","日_A"
"的","的"
"聾","聾"
"辯論","辯論"
"蛀牙","蛀牙"
"上當","上當"
"越來越少","越來越少"
"深","深_A"
"深","深_B"
"炸","炸"
"鹿","鹿_N"
"鹿","鹿_S"
"一定","一定"
"水準","水準"
"好吃","好吃_B"
"好吃","好吃_A"
"送","送"
"丹麥","丹麥"
"出軌","出軌"
"眾叛親離","眾叛親離_A"
"眾叛親離","眾叛親離_B"
"設計","設計"
"輕視","輕視"
"仔細","仔細"
"彎路","彎路_A"
"彎路","彎路_B"
"字典","字典"
"沒有說什麼","沒有說什麼_A"
"沒有說什麼","沒有說什麼_B"
"死","死"
"相差","相差"
"不一樣","不一樣"
"困難","困難"
"消化","消化"
"用功","用功_A"
"一毛錢","一毛錢"
"導演","導演"
"髒","髒"
"不見蹤跡(指人)","不見蹤跡(指人)"
"失望","失望"
"公開","公開_A"
"公開","公開_B"
"灰心","灰心"
"膩","膩_B"
"看到","看到"
"發現","發現_B"
"發現","發現_C"
"討論","討論"
"討厭","討厭_N"
"討厭","討厭_S"
"盤子","盤子"
"消毒","消毒"
"解散","解散"
"下課","下課"
"展示","展示_A"
"展示","展示_B"
"分發","分發"
"區","區"
"跳水","跳水"
"平均","平均_A"
"平均","平均_B"
"離婚","離婚"
"頭暈","頭暈"
"工作","工作"
"沒關係","沒關係_A"
"沒關係","沒關係_B"
"犬","犬"
"海豚","海豚"
"募捐","募捐_A"
"募捐","募捐_B"
"一竅不通","一竅不通"
"不知道","不知道_N"
"不知道","不知道_S"
"不喜歡","不喜歡_N"
"不喜歡","不喜歡_S"
"不要","不要_N"
"不要","不要_S"
"不管","不管"
"門","門"
"加倍","加倍"
"雙層巴士","雙層巴士"
"下","下_A"
"下","下_B"
"端午節","端午節"
"龍","龍_N"
"龍","龍_S"
"蜻蜓","蜻蜓"
"劇","劇_A"
"劇","劇_B"
"抽","抽"
"抽屜","抽屜"
"做夢","做夢_A"
"做夢","做夢_B"
"扮","扮"
"喝","喝"
"開車","開車"
"汽車駕照","汽車駕照"
"饞嘴","饞嘴"
"退學","退學"
"吸毒","吸毒"
"鼓","鼓"
"乾","乾_A"
"乾","乾_B"
"鴨子","鴨子"
"乏味","乏味_A"
"渴望","渴望"
"鷹","鷹"
"耳朵","耳朵"
"耳罩","耳罩"
"以…為生","以…為生"
"賺錢","賺錢_A"
"賺錢","賺錢_B"
"賺錢","賺錢_C"
"耳塞","耳塞"
"耳環","耳環"
"地球","地球_A"
"地球","地球_B"
"地球","地球_C"
"容易","容易_C"
"擅長","擅長"
"東","東_N"
"東","東_S"
"容易","容易_A"
"容易","容易_B"
"吃","吃"
"吃飯","吃飯_A"
"經濟","經濟"
"經濟部","經濟部"
"效果","效果"
"用功","用功_B"
"蛋","蛋_A"
"卵","卵"
"蛋","蛋_C"
"自大","自大_B"
"埃及","埃及"
"八","八"
"八十","八十"
"電","電_N"
"國小","國小"
"大象","大象"
"電梯","電梯"
"能言善道","能言善道"
"不好意思","不好意思"
"尷尬","尷尬"
"抱","抱"
"刺繡","刺繡"
"皇帝","皇帝"
"空","空_A"
"空","空_B"
"勉勵","勉勵"
"終了","終了_A"
"終了","終了_B"
"終了","終了_C"
"敵人","敵人"
"報仇","報仇_A"
"報仇","報仇_B"
"訂婚","訂婚"
"引擎","引擎"
"工程師","工程師"
"英國","英國"
"英文","英文"
"享受","享受"
"足夠","足夠_N"
"足夠","足夠_S"
"進入","進入"
"業","業"
"招待","招待"
"四周","四周"
"羨慕","羨慕"
"自動扶梯","自動扶梯_B"
"自動扶梯","自動扶梯_A"
"逃","逃"
"成立","成立"
"禮貌","禮貌"
"歐","歐"
"評價","評價"
"不分勝負","不分勝負_A"
"不分勝負","不分勝負_B"
"更","更"
"夜晚","夜晚_A"
"夜晚","夜晚_B"
"各","各"
"每天","每天"
"明察秋毫","明察秋毫"
"超過","超過"
"棒","棒_A"
"棒","棒_B"
"太過分","太過分"
"上下對調","上下對調"
"換","換_A"
"換","換_B"
"換","換_C"
"大便","大便"
"出","出"
"擴大","擴大"
"貴","貴_A"
"貴","貴_B"
"經驗","經驗"
"內行","內行_A"
"內行","內行_B"
"解釋","解釋"
"剝削","剝削"
"運出","運出"
"表","表"
"拔牙","拔牙"
"外遇","外遇"
"眼睛","眼睛"
"眉","眉"
"無中生有","無中生有"
"面孔","面孔"
"工廠","工廠_A"
"工廠","工廠_B"
"不及格","不及格_A"
"失敗","失敗_B"
"失約","失約_A"
"忠","忠"
"落伍","落伍"
"跌倒","跌倒_A"
"跌倒","跌倒_B"
"一見鍾情","一見鍾情_A"
"一見鍾情","一見鍾情_B"
"上學期","上學期_A"
"上學期","上學期_B"
"一年級上學期","一年級上學期"
"假","假"
"家庭","家庭"
"有名","有名_N"
"電風扇","電風扇"
"方","方"
"遠視","遠視"
"農夫","農夫"
"放屁","放屁_A"
"放屁","放屁_B"
"著迷","著迷"
"火速","火速_N"
"火速","火速_S"
"眼光高","眼光高"
"脂肪","脂肪"
"肥肉","肥肉_A"
"緣分","緣分"
"父親","父親"
"伯父","伯父"
"姑姑","姑姑"
"叔叔","叔叔"
"傳真","傳真_A"
"傳真","傳真_B"
"養","養_A"
"養","養_B"
"覺得","覺得"
"思念","思念"
"女生","女生"
"大女人主義","大女人主義"
"女性團體","女性團體"
"豐原","豐原"
"摩天輪","摩天輪"
"發燒","發燒"
"一點","一點"
"田","田"
"兇","兇"
"五十","五十"
"五毛錢","五毛錢"
"打架","打架"
"會計","會計"
"想出來","想出來"
"拍攝","拍攝_A"
"拍攝","拍攝_B"
"拍攝","拍攝_C"
"軟片","軟片_C"
"處罰","處罰"
"完了","完了"
"火","火"
"開除","開除_A"
"去掉","去掉"
"螢火蟲","螢火蟲"
"第一個","第一個"
"小一","小一"
"初級","初級"
"第一名","第一名_N"
"第一名","第一名_S"
"初次","初次"
"魚","魚"
"釣魚","釣魚"
"五","五_A"
"五","五_B"
"旗子","旗子"
"炎","炎"
"手電筒","手電筒"
"乏味","乏味_C"
"沒味道","沒味道_A"
"熨斗","熨斗"
"拍馬屁","拍馬屁_A"
"安慰","安慰"
"誇耀","誇耀"
"花","花"
"日光燈","日光燈"
"飛","飛"
"蒼蠅","蒼蠅"
"泡沫","泡沫"
"埋首","埋首"
"霧","霧"
"追隨","追隨"
"腳","腳"
"因為","因為"
"外國","外國"
"森林","森林"
"忘","忘"
"式","式_A"
"式","式_B"
"正式","正式"
"好險","好險"
"四十","四十"
"找到","找到"
"四","四"
"丁","丁(姓)_A"
"狐狸","狐狸"
"香","香"
"法國","法國"
"坦白","坦白"
"免費","免費"
"公路局","公路局"
"大一","大一"
"星期五","星期五_N"
"星期五","星期五_S"
"朋友","朋友"
"青蛙","青蛙"
"水果","水果"
"滿","滿"
"飽","飽"
"幽默","幽默"
"以後","以後_A"
"以後","以後_B"
"風流","風流"
"干","干"
"黑社會","黑社會"
"車庫","車庫"
"大蒜","大蒜_A"
"大蒜","大蒜_B"
"瓦斯","瓦斯"
"加油站","加油站"
"湊在一起","湊在一起"
"口罩","口罩_B"
"注視","注視"
"壁虎","壁虎"
"地理","地理"
"德國","德國"
"算帳","算帳_A"
"算帳","算帳_B"
"薑","薑"
"長頸鹿","長頸鹿_A"
"長頸鹿","長頸鹿_B"
"長頸鹿","長頸鹿_C"
"給","給_B"
"拋棄","拋棄"
"玻璃","玻璃_N"
"玻璃","玻璃_S"
"眼鏡","眼鏡"
"山谷","山谷"
"光榮","光榮"
"手套","手套"
"去","去_A"
"去","去_B"
"回","回"
"變聾","變聾"
"回家","回家_A"
"回家","回家_B"
"下台","下台"
"下班","下班"
"上台","上台"
"罷工","罷工"
"目的","目的"
"山羊","山羊"
"神","神"
"戒指","戒指"
"好","好_A"
"好","好_B"
"再見","再見"
"福利","福利"
"幸福","幸福"
"搞錯","搞錯_A"
"搞錯","搞錯_B"
"誤會","誤會_B"
"鵝","鵝"
"治","治"
"政府","政府"
"官","官"
"公務員","公務員_A"
"公務員","公務員_B"
"成績","成績"
"畢業","畢業"
"小學畢業","小學畢業"
"國中畢業","國中畢業"
"五穀","五穀"
"孫女","孫女"
"祖父","祖父"
"奶奶","奶奶"
"葡萄","葡萄"
"草","草"
"有名","有名_S"
"偉大","偉大_B"
"希臘","希臘"
"綠","綠"
"蔥","蔥"
"憂傷","憂傷"
"長大","長大"
"等","等_B"
"守衛","守衛"
"芭樂","芭樂"
"猜","猜_A"
"猜","猜_B"
"射擊","射擊"
"習慣","習慣_N"
"習慣","習慣_S"
"髮","髮"
"毛","毛_C"
"理髮","理髮_A"
"理髮","理髮_B"
"半","半"
"半天課","半天課"
"半價","半價"
"堂","堂"
"漢堡","漢堡"
"槌子","槌子"
"手","手"
"殘障","殘障"
"手帕","手帕"
"英俊","英俊"
"掛","掛"
"上吊","上吊_A"
"上吊","上吊_B"
"出事","出事"
"快樂","快樂"
"港","港"
"堅固","堅固"
"害我","害我"
"帽子","帽子_A"
"帽子","帽子_B"
"有","有"
"吃飯","吃飯_B"
"有沒有","有沒有"
"沒有","沒有_A"
"沒有","沒有_B"
"沒有","沒有_C"
"夏威夷","夏威夷"
"他","他_B"
"他","他_A"
"頭","頭"
"會長","會長"
"市長","市長"
"班長","班長"
"家長","家長"
"校長","校長"
"院長","院長"
"健康","健康"
"臉色紅潤","臉色紅潤"
"聽","聽"
"聽人","聽人"
"心","心_A"
"心","心_B"
"重","重"
"幫","幫_N"
"幫","幫_S"
"躲","躲"
"高血壓","高血壓"
"文雅","文雅"
"高跟鞋","高跟鞋"
"跳高","跳高"
"高速公路","高速公路_A"
"高速公路","高速公路_B"
"屬於他","屬於他"
"史","史"
"打","打"
"何(姓)","何(姓)"
"吊車","吊車"
"房子","房子"
"作業","作業"
"香港","香港_A"
"香港","香港_B"
"有面子","有面子"
"流氓","流氓_A"
"流氓","流氓_B"
"希望","希望"
"單槓","單槓"
"馬","馬"
"醫院","醫院_A"
"醫院","醫院_B"
"醫院","醫院_C"
"汗","汗"
"火鍋","火鍋"
"燙","燙_A"
"燙","燙_B"
"屋子","屋子"
"家","家_B"
"戶","戶_A"
"戶","戶_B"
"如何","如何_A"
"好不好","好不好"
"如何","如何_B"
"怎麼會","怎麼會"
"多遠?","多遠?"
"多長?","多長?"
"多少","多少"
"幾小時","幾小時"
"幾個月","幾個月"
"幾次","幾次"
"多重?","多重?"
"年紀","年紀"
"許","許(姓)"
"化","化"
"花蓮","花蓮_N"
"花蓮","花蓮_S"
"謙虛","謙虛"
"百","百_A"
"百","百_B"
"百","百_C"
"億","億"
"百分之一","百分之一"
"飢餓","飢餓"
"趕路","趕路"
"丈夫","丈夫"
"夫婦","夫婦"
"衛生","衛生"
"我","我_A"
"我","我_B"
"冰淇淋","冰淇淋"
"滑冰","滑冰"
"一模一樣","一模一樣_A"
"一模一樣","一模一樣_B"
"一模一樣","一模一樣_C"
"身分證","身分證"
"呆","呆"
"閒閒沒事","閒閒沒事"
"在家閒晃","在家閒晃"
"如果","如果"
"目中無人","目中無人_A"
"視若無睹","視若無睹_B"
"宜蘭","宜蘭"
"違法","違法"
"文盲","文盲"
"模仿","模仿"
"不久","不久"
"運入","運入"
"不可能","不可能"
"內","內"
"勾結","勾結"
"直排輪","直排輪"
"順便","順便"
"前面","前面"
"白費","白費_A"
"白費","白費_B"
"偏","偏"
"包括","包括"
"不一致","不一致"
"不對","不對"
"越來越多","越來越多"
"也許","也許"
"獨立","獨立"
"印度","印度_N"
"印度","印度_S"
"印第安人","印第安人"
"個","個"
"印尼","印尼"
"莫名其妙","莫名其妙"
"傳染病","傳染病"
"打針","打針_A"
"受傷","受傷"
"打針","打針_B"
"分期付款","分期付款"
"唆使","唆使"
"侮辱","侮辱"
"保險","保險"
"腦筋好","腦筋好"
"干涉","干涉"
"腸子","腸子"
"點滴","點滴"
"介紹","介紹"
"反省","反省"
"拜託","拜託"
"創作","創作"
"投資","投資_A"
"投資","投資_B"
"調查","調查"
"請客","請客"
"鐵","鐵"
"島","島"
"以色列","以色列"
"義大利","義大利"
"都是我不好","都是我不好_A"
"都是我不好","都是我不好_B"
"玉","玉"
"監獄","監獄"
"果醬","果醬"
"一月","一月"
"日本","日本"
"嫉妒","嫉妒"
"恨","恨"
"局","局"
"加入","加入_A"
"加入","加入_B"
"法官","法官_A"
"法官","法官_B"
"評審","評審"
"柔道","柔道"
"跳","跳"
"國中","國中"
"正","正"
"剛剛","剛剛"
"袋鼠","袋鼠"
"高雄","高雄(地名)"
"基隆","基隆_A(地名)"
"基隆","基隆_B(地名)"
"保持距離","保持距離"
"蕃茄醬","蕃茄醬"
"鑰匙","鑰匙"
"腎","腎_A"
"腎","腎_B"
"殺","殺"
"慈祥","慈祥"
"好心","好心"
"幼稚園","幼稚園"
"善良","善良"
"金剛","金剛"
"吻","吻"
"廚房","廚房"
"風箏","風箏"
"跪","跪"
"刀子","刀子"
"打毛線","打毛線"
"認識","認識_B"
"知道","知道_N"
"知道","知道_S"
"知識","知識"
"見識","見識"
"韓國","韓國"
"孔 (姓)","孔 (姓)"
"郭 (姓)","郭 (姓)"
"工","工"
"缺","缺_A"
"缺","缺_B"
"池","池"
"土","土"
"巷","巷"
"語言","語言"
"蘭嶼","蘭嶼_A"
"蘭嶼","蘭嶼_B"
"大量","大量"
"姓","姓"
"上個星期","上個星期"
"一年以前","一年以前"
"遲到","遲到_B"
"元宵節","元宵節"
"笑","笑"
"尺","尺"
"圍毆","圍毆_A"
"圍毆","圍毆_B"
"懶惰","懶惰"
"領導","領導"
"領袖","領袖"
"葉子","葉子"
"打小報告","打小報告"
"依靠","依靠"
"走了","走了_A"
"走了","走了_B"
"左","左"
"腿","腿"
"檸檬","檸檬_N"
"檸檬","檸檬_S"
"第一課","第一課"
"算了","算了"
"信","信"
"李","李(姓)"
"圖書館","圖書館"
"躺","躺"
"趴著","趴著"
"輕","輕"
"電燈","電燈"
"淡","淡_A"
"淡","淡_B"
"喜歡","喜歡_N"
"喜歡","喜歡_S"
"限制","限制"
"林","林"
"獅子","獅子"
"酒","酒_N"
"小","小"
"小指","小指"
"住","住_A"
"住","住_B"
"活潑","活潑"
"肝","肝"
"色","色_A_S"
"色","色_B_S"
"鎖","鎖"
"經度","經度"
"無聊","無聊"
"久","久"
"跳遠","跳遠"
"長袖","長袖"
"看不起","看不起_B"
"看不起","看不起_A"
"找","找"
"看","看_N"
"看","看_S"
"鬆","鬆"
"搜括","搜括"
"枇杷","枇杷_A"
"枇杷","枇杷_B"
"失","失"
"不好","不好_A"
"愛","愛"
"戀愛","戀愛_A"
"戀愛","戀愛_B"
"降旗","降旗"
"呂","呂 (姓)"
"運氣","運氣"
"運氣好","運氣好"
"行李","行李"
"倫","倫"
"肺臟","肺臟"
"羅","羅"
"色慾","色慾_A"
"色慾","色慾_B"
"好色","好色"
"嗎","嗎"
"機器","機器"
"雜誌","雜誌"
"大方","大方"
"打麻將","打麻將_A"
"寄信","寄信_N"
"寄信","寄信_S"
"主","主"
"中國大陸","中國大陸"
"抽絲剝繭","抽絲剝繭"
"加油","加油"
"化妝","化妝"
"馬來西亞","馬來西亞"
"大男人主義","大男人主義"
"男性團體","男性團體"
"先生","先生"
"男同性戀","男同性戀"
"管理","管理_A"
"管理","管理_B"
"芒果","芒果_N"
"芒果","芒果_S"
"姿態","姿態"
"饅頭","饅頭"
"多","多_A"
"多","多_B"
"多","多_C"
"多次","多次_A"
"屢次","屢次_B"
"毛","毛_A"
"毛","毛_B"
"批改","批改"
"結婚","結婚"
"入贅","入贅"
"嫁","嫁"
"娶","娶"
"亂","亂"
"亂七八糟","亂七八糟_B"
"按摩","按摩_A"
"按摩","按摩_B"
"師傅","師傅"
"碩士","碩士"
"火柴","火柴"
"原料","原料"
"數學","數學"
"可以","可以"
"不可以","不可以"
"不可","不可"
"沙拉醬","沙拉醬"
"意思","意思"
"麻疹","麻疹"
"稱","稱"
"肉","肉_A"
"醫","醫"
"口罩","口罩_A"
"藥","藥"
"見面","見面_A"
"見面","見面_B"
"碰壁","碰壁"
"開會","開會"
"散會","散會"
"瓜","瓜"
"員","員"
"孟","孟"
"月經","月經_A"
"月經","月經_B"
"月經","月經_C"
"苗栗","苗栗"
"麥克風","麥克風"
"中秋節","中秋節"
"中","中_A"
"中美洲","中美洲"
"中","中_B"
"里","里"
"服兵役","服兵役"
"陸軍","陸軍"
"奶","奶_N"
"奶","奶_S"
"鏡子","鏡子"
"頑皮","頑皮_N"
"頑皮","頑皮_S"
"小氣","小氣_B"
"小氣","小氣_A"
"恐怕","恐怕"
"錯","錯"
"虐待","虐待"
"搞錯了(指自己搞錯了)","搞錯了(指自己搞錯了)"
"混合","混合"
"混亂","混亂"
"星期一","星期一_N"
"星期一","星期一_S"
"金錢","金錢"
"存錢","存錢_A"
"和尚","和尚"
"猴子","猴子"
"鬼","鬼_N"
"鬼","鬼_S"
"每個月","每個月"
"月","月"
"清晨","清晨"
"早上","早上_A"
"典當","典當"
"蚊子","蚊子"
"母親","母親"
"舅舅","舅舅"
"阿姨","阿姨"
"摩托車","摩托車"
"機車駕照","機車駕照"
"機車行照","機車行照"
"山","山"
"爬山","爬山_A"
"爬山","爬山_B"
"山峰","山峰_A"
"山峰","山峰_B"
"山坡","山坡"
"灰","灰"
"口","口"
"活動","活動"
"電影","電影"
"感動","感動"
"搬家","搬家_A"
"搬家","搬家_B"
"味精","味精"
"菇","菇_A"
"菇","菇_B"
"音樂","音樂"
"芥末","芥末"
"啞","啞"
"乘法","乘法"
"互相","互相"
"屬於我","屬於我"
"不客氣","不客氣"
"名片","名片"
"印章","印章"
"名字","名字_N"
"名字","名字_S"
"手語名字","手語名字"
"狹窄","狹窄"
"民族","民族"
"天然","天然"
"海軍","海軍_A"
"海軍","海軍_B"
"將來的最近","將來的最近"
"近視","近視"
"脖子","脖子"
"領帶","領帶"
"不用","不用_N"
"不用","不用_S"
"鄰居","鄰居"
"緊張","緊張_A"
"緊張","緊張_B"
"網","網"
"不曾","不曾"
"很久沒有","很久沒有"
"沒聽過","沒聽過_A"
"沒聽過","沒聽過_B"
"新","新"
"元旦","元旦"
"除夕","除夕_A"
"紐約","紐約"
"報紙","報紙"
"下一個","下一個"
"下兩星期","下兩星期_A"
"下兩星期","下兩星期_B"
"下個星期","下個星期"
"明年","明年"
"九","九"
"九十","九十"
"挑剔","挑剔_A"
"挑剔","挑剔_B"
"挑剔","挑剔_C"
"不屑","不屑"
"沒有什麼","沒有什麼(看、吃、讀)_C"
"沒有問題","沒有問題_A"
"沒有問題","沒有問題_B"
"沒有問題","沒有問題_C"
"那有這回事","那有這回事"
"沒有辦法","沒有辦法_A"
"沒有辦法","沒有辦法_B"
"吵鬧","吵鬧"
"都沒有","都沒有"
"不關你的事","不關你的事"
"胡說","胡說_A"
"廢話","廢話_B"
"胡說","胡說_B"
"胡說","胡說_C"
"廢話","廢話_A"
"麵","麵"
"中午","中午"
"師大","師大"
"北","北"
"北美洲","北美洲"
"北極","北極_A"
"北極","北極_B"
"鼻子","鼻子"
"不","不"
"不錯","不錯"
"不是","不是_B"
"不是","不是_A"
"不在乎","不在乎_B"
"不連貫","不連貫"
"不敢","不敢"
"不夠","不夠_B"
"不夠","不夠_A"
"不夠","不夠_C"
"來不及","來不及"
"不給","不給_A"
"不給","不給_B"
"不給","不給_C"
"差勁","差勁"
"不介意","不介意"
"不聽","不聽_A"
"不聽","不聽_B"
"不好吃","不好吃"
"不懂","不懂_A"
"不懂","不懂_B"
"未","未"
"少囉唆","少囉唆"
"沒有事情","沒有事情"
"沒有什麼","沒有什麼(看、吃、讀)_B"
"沒有什麼","沒有什麼(看、吃、讀)_A"
"今天","今天"
"幾號","幾號_A"
"幾號","幾號_B"
"尼姑","尼姑"
"護士","護士"
"肥","肥_A"
"肥","肥_B"
"服從","服從"
"歪斜","歪斜"
"猥褻","猥褻"
"障礙","障礙_A"
"阻礙","阻礙_B"
"出風頭","出風頭"
"有時","有時"
"佔據","佔據_A"
"佔領","佔領_B"
"就是嘛","就是嘛"
"奉獻","奉獻"
"辦公室","辦公室_A"
"辦公室","辦公室_B"
"辦公室","辦公室_C"
"辦公","辦公"
"抵銷","抵銷"
"常常","常常"
"油","油_N"
"油","油_S"
"OK","OK"
"舊","舊_B"
"舊","舊_A"
"年老","年老"
"兄","兄"
"姊姊","姊姊"
"有意","有意"
"故意","故意_C"
"故意","故意_D"
"故意","故意_B"
"一回","一回"
"少一個","少一個_A"
"少一個","少一個_B"
"少一個","少一個_C"
"一","一"
"一個半","一個半"
"一點鐘","一點鐘"
"一天","一天_A"
"一天","一天_B"
"一元","一元"
"一個鐘頭","一個鐘頭_A"
"一小時","一小時_B"
"一小時","一小時_C"
"一分鐘","一分鐘_N"
"一分鐘","一分鐘_S"
"一個月","一個月"
"一秒鐘","一秒鐘"
"一個星期","一個星期"
"洋蔥","洋蔥"
"只","只"
"只有一個","只有一個"
"才","才"
"開門","開門"
"手術","手術"
"悶","悶"
"或","或_A"
"或","或_B"
"口語","口語"
"口腔","口腔"
"橘子","橘子"
"柳丁","柳丁"
"猩猩","猩猩"
"蘭花","蘭花"
"一般","一般_A"
"一般","一般_C"
"一般","一般_B"
"組織","組織_B"
"來源","來源"
"原來","原來"
"大阪","大阪(地名)"
"另外","另外"
"神經病","神經病"
"甲","甲"
"霸道","霸道"
"華僑","華僑"
"超車","超車"
"欠","欠"
"欠債","欠債"
"塔","塔"
"拜拜","拜拜"
"疼","疼"
"油漆","油漆"
"美術","美術"
"臉色蒼白","臉色蒼白"
"玩","玩"
"煎","煎"
"褲子","褲子"
"木瓜","木瓜"
"降落傘","降落傘_A"
"降落傘","降落傘_B"
"遊行","遊行"
"巴黎","巴黎"
"公園","公園"
"停車","停車"
"小組","小組"
"參加","參加"
"及格","及格_A"
"及格","及格_B"
"已經","已經_A"
"消遣","消遣"
"忍受","忍受"
"付帳","付帳"
"桃子","桃子"
"孔雀","孔雀"
"花生","花生_A"
"花生","花生_B"
"削水果","削水果"
"小販","小販"
"偷看","偷看_A"
"偷看","偷看_B"
"剝皮","剝皮"
"筆","筆"
"鉛筆","鉛筆"
"看穿","看穿"
"澎湖","澎湖"
"們","們"
"胡椒","胡椒"
"辣","辣_N"
"辣","辣_S"
"完美","完美"
"完美無缺","完美無缺"
"期","期_A"
"段","段_B"
"人","人_A"
"人","人_B"
"義氣","義氣"
"個性","個性_A"
"個性","個性_B"
"博士","博士"
"菲律賓","菲律賓"
"相片","相片"
"影印","影印_A"
"影印","影印_B"
"運動","運動_A"
"琴","琴"
"欺侮","欺侮"
"扒手","扒手"
"豬","豬_N"
"豬","豬_S"
"堆高機","堆高機"
"枕頭","枕頭_A"
"枕頭","枕頭_B"
"松","松_A"
"松","松_B"
"松","松_C"
"鳳梨","鳳梨_N"
"鳳梨","鳳梨_S"
"乒乓球","乒乓球"
"屏東","屏東_B"
"屏東","屏東_A"
"粉紅色","粉紅色"
"管子","管子"
"投球","投球"
"可憐","可憐"
"可惜","可惜"
"地方","地方"
"約","約_A"
"計畫","計畫_A"
"計畫","計畫_B"
"種","種"
"播放帶","播放帶_A"
"播放帶","播放帶_B"
"笛子","笛子_A"
"笛子","笛子_B"
"打牌","打牌"
"撲克牌","撲克牌_B"
"打麻將","打麻將_B"
"請","請"
"順眼","順眼"
"插座","插座"
"梅","梅"
"詩","詩"
"針對","針對"
"中毒","中毒"
"警車","警車"
"警察","警察"
"污染","污染"
"開罐","開罐"
"貧窮","貧窮"
"冰","冰"
"陶瓷","陶瓷"
"大頭貼","大頭貼"
"佔為己有","佔為己有_B"
"佔為己有","佔為己有_A"
"郵局","郵局_A"
"郵局","郵局_B"
"郵差","郵差_A"
"郵差","郵差_B"
"延期","延期"
"馬鈴薯","馬鈴薯"
"倒","倒"
"倒茶","倒茶_A"
"練習","練習"
"祈禱","祈禱"
"懷孕","懷孕_A"
"準備","準備"
"總統","總統"
"威脅","威脅"
"壓","壓"
"預防","預防"
"出版","出版_N"
"出版","出版_S"
"入獄","入獄"
"探測針","探測針"
"問題","問題"
"手續","手續"
"利","利"
"節目","節目_B"
"進步","進步"
"投影機","投影機"
"發音","發音"
"妓女","妓女_A"
"妓女","妓女_B"
"保護","保護"
"訓導處","訓導處_N"
"自大","自大_A"
"執照","執照"
"公","公"
"公費","公費"
"拉","拉"
"脈搏","脈搏"
"剪票","剪票"
"翁","翁"
"守時","守時"
"刑","刑"
"傀儡","傀儡"
"布袋戲","布袋戲"
"紫","紫"
"推","推"
"放","放"
"上銬","上銬"
"穿衣","穿衣"
"張貼","張貼"
"金字塔","金字塔"
"地震","地震"
"吵","吵"
"吵架","吵架_B"
"安靜","安靜"
"被子","被子"
"兔子","兔子_A"
"兔子","兔子_B"
"賽跑","賽跑"
"下雨","下雨"
"虹","虹"
"升旗","升旗"
"抬頭","抬頭"
"範圍","範圍"
"強姦","強姦"
"生的","生的"
"收割","收割"
"回憶","回憶"
"收據","收據"
"收到","收到"
"收信","收信_N"
"收信","收信_S"
"過去的最近","過去的最近"
"紀錄","紀錄_B"
"紀錄","紀錄_A"
"招募","招募"
"紅","紅_N"
"紅","紅_S"
"反射","反射"
"冰箱","冰箱"
"防禦","防禦"
"報名","報名_A"
"註冊","註冊_A"
"註冊","註冊_B"
"惋惜","惋惜"
"後悔","後悔_N"
"後悔","後悔_S"
"關係","關係"
"親戚","親戚"
"接力賽跑","接力賽跑"
"鬆了一口氣","鬆了一口氣"
"勉強","勉強"
"保存","保存"
"背誦","背誦"
"借","借"
"租","租"
"報告","報告"
"名譽","名譽"
"救","救"
"研究","研究_A"
"研究","研究_B"
"研究","研究_C"
"辭職","辭職"
"抗拒","抗拒"
"尊敬","尊敬"
"負責","負責_A"
"負責","負責_B"
"休息","休息"
"餐廳","餐廳_A"
"餐廳","餐廳_B"
"恢復","恢復"
"退步","退步"
"揭開","揭開"
"回復","回復"
"革命","革命"
"轉","轉"
"犀牛","犀牛_A"
"犀牛","犀牛_B"
"米","米"
"稀飯","稀飯_A"
"稀飯","稀飯_B"
"稀飯","稀飯_C"
"粽子","粽子_N"
"粽子","粽子_S"
"有錢","有錢"
"譏笑","譏笑"
"右","右"
"拼命","拼命"
"河","河"
"路","路"
"平交道","平交道"
"搶","搶_A"
"搶","搶_B"
"強盜","強盜"
"火箭","火箭"
"捲","捲"
"搓(湯圓)","搓(湯圓)"
"溜冰","溜冰_A"
"溜冰","溜冰_B"
"室","室"
"繩子","繩子"
"玫瑰","玫瑰"
"圓","圓"
"划","划"
"划船","划船"
"橡皮擦","橡皮擦"
"橄欖球","橄欖球"
"規則","規則"
"跑","跑_A"
"跑","跑_B"
"流鼻涕","流鼻涕_A"
"流鼻涕","流鼻涕_B"
"奔波","奔波"
"蘇(姓)","蘇(姓)"
"傷心","傷心_A"
"傷心","傷心_B"
"帆船","帆船"
"口沫","口沫"
"鹹","鹹_N"
"鹹","鹹_S"
"一樣","一樣"
"通用","通用"
"三重","三重(地名)"
"三明治","三明治_A"
"三明治","三明治_B"
"聖誕老人","聖誕老人"
"星期六","星期六_N"
"星期六","星期六_S"
"節省","節省_A"
"存錢","存錢_B"
"珍惜","珍惜"
"士","士"
"學校","學校"
"剪刀","剪刀"
"罵","罵_A"
"罵","罵_B"
"刮(彩卷)","刮(彩卷)"
"海","海"
"取消","取消"
"季","季"
"第二個","第二個"
"第二名","第二名_N"
"第二名","第二名_S"
"乙","乙_A"
"乙","乙_B"
"保密","保密"
"秘密","秘密_B"
"秘密戀愛","秘密戀愛"
"段","段_A"
"見","見"
"探索","探索_A"
"探索","探索_B"
"看多了","看多了"
"把握時間","把握時間_A"
"把握時間","把握時間_B"
"自己","自己_N"
"自己","自己_S"
"自立自強","自立自強"
"自私","自私_A"
"自私","自私_B"
"售","售"
"高中","高中"
"分","分"
"佣人","佣人"
"服務","服務_N"
"服務","服務_S"
"七","七"
"7-11","7-11_N"
"7-11","7-11_S"
"七十","七十"
"縫","縫"
"生殖器","生殖器"
"性交","性交_A"
"性交","性交_B"
"性交","性交_C"
"影子","影子_A"
"影子","影子_B"
"搖動","搖動"
"握手","握手"
"淺","淺"
"丟臉","丟臉"
"不要臉","不要臉_B"
"刮鬍子","刮鬍子"
"剃光頭","剃光頭_A"
"剃光頭","剃光頭_B"
"她","她"
"貝","貝"
"事","事_B"
"卸責給他","卸責給他"
"士林","士林"
"卸責","卸責"
"襯衫","襯衫"
"鞋子","鞋子_N"
"鞋子","鞋子_S"
"低","低"
"近","近"
"拮据","拮据_B"
"短袖","短袖"
"捷徑","捷徑"
"應該","應該"
"吼","吼"
"示範","示範"
"顯眼","顯眼"
"蝦","蝦"
"閉嘴","閉嘴_A"
"閉嘴","閉嘴_B"
"閉嘴","閉嘴_C"
"百葉窗","百葉窗"
"害羞","害羞"
"生病","生病"
"邊","邊"
"手語","手語"
"報名","報名_B"
"細","細"
"銀","銀"
"如同","如同"
"以為","以為"
"老實","老實"
"多才多藝","多才多藝_A"
"多才多藝","多才多藝_B"
"身兼數職","身兼數職"
"唱","唱"
"沉","沉"
"坐","坐"
"情形","情形"
"六","六"
"小六","小六"
"六十","六十"
"滑雪","滑雪"
"厲害","厲害_A"
"厲害","厲害_B"
"皮","皮"
"裙子","裙子"
"天","天_A"
"天","天_B"
"睡","睡_A"
"睡","睡_B"
"睡","睡_C"
"打盹","打盹"
"睏","睏"
"溜滑梯","溜滑梯_A"
"溜滑梯","溜滑梯_B"
"拖鞋","拖鞋_C"
"拖鞋","拖鞋_A"
"拖鞋","拖鞋_B"
"慢","慢_N"
"慢","慢_S"
"揍人","揍人"
"狡猾","狡猾_A"
"狡猾","狡猾_B"
"聰明","聰明_A"
"聰明","聰明_B"
"抹片","抹片"
"聞","聞_A"
"臭","臭"
"微笑","微笑"
"走私","走私"
"零食","零食_A"
"零食","零食_B"
"蝸牛","蝸牛_A"
"蝸牛","蝸牛_B"
"蛇","蛇"
"折斷","折斷_A"
"折斷","折斷_B"
"雪","雪_A"
"所謂","所謂"
"肥皂","肥皂_N"
"肥皂","肥皂_S"
"足球","足球"
"社會","社會_S"
"離開","離開"
"襪子","襪子"
"汽水","汽水_N"
"佔領","佔領_A"
"軟","軟"
"柔軟","柔軟"
"孤獨","孤獨_B"
"解決","解決"
"翻跟斗","翻跟斗"
"兒子","兒子"
"對不起","對不起"
"靈魂","靈魂"
"聲音","聲音"
"湯","湯"
"酸","酸_A"
"酸","酸_B"
"南","南_A"
"南美洲","南美洲"
"南","南_B"
"南極","南極"
"醬油","醬油"
"豆漿","豆漿"
"寬","寬_A"
"寬","寬_B"
"西班牙","西班牙"
"扭傷","扭傷"
"說","說"
"說話","說話_B"
"優待","優待_A"
"優待","優待_B"
"特別","特別_N"
"特別","特別_S"
"專長","專長"
"名產","名產"
"話","話"
"演講","演講_N"
"演講","演講_S"
"快艇","快艇"
"蜘蛛","蜘蛛"
"精神","精神"
"運動","運動_B"
"流傳","流傳"
"下學期","下學期_A"
"下學期","下學期_B"
"一年級下學期","一年級下學期"
"發芽","發芽"
"奸細","奸細_A"
"奸細","奸細_B"
"松鼠","松鼠"
"郵票","郵票"
"站","站"
"排隊","排隊"
"站起來","站起來"
"星星","星星"
"楊桃","楊桃"
"打開","打開"
"吃驚","吃驚"
"嚇一跳","嚇一跳_B"
"州","州"
"站牌","站牌"
"小偷","小偷"
"包子","包子"
"步驟","步驟_A"
"步驟","步驟_B"
"貼","貼"
"黏","黏"
"依然","依然_A"
"刺激","刺激_A"
"刺激","刺激_B"
"攪","攪"
"炒","炒"
"股票","股票"
"胃","胃"
"石頭","石頭"
"止","止"
"儲放","儲放"
"倉庫","倉庫"
"樓","樓"
"故事","故事"
"直","直"
"奇怪","奇怪_N"
"奇怪","奇怪_S"
"條紋","條紋"
"力量","力量"
"嚴格","嚴格"
"強","強"
"壯","壯"
"固執","固執_A"
"固執","固執_B"
"學生","學生"
"學生證","學生證"
"唸書","唸書"
"湯圓","湯圓"
"笨","笨_A"
"笨","笨_B"
"副","副"
"部屬","部屬"
"代替","代替"
"剩","剩"
"一瞬間","一瞬間_A"
"一瞬間","一瞬間_B"
"賠本","賠本"
"划不來","划不來"
"多的是","多的是"
"釋迦","釋迦"
"甜","甜_N"
"甜","甜_S"
"甘蔗","甘蔗_A"
"甘蔗","甘蔗_B"
"提出","提出"
"建議","建議"
"自殺","自殺"
"西裝","西裝"
"太陽","太陽"
"孫","孫(姓)"
"星期天","星期天_S_B"
"星期天","星期天_N"
"星期天","星期天_S_A"
"晴天","晴天_A"
"晴天","晴天_B"
"日出","日出"
"夕陽","夕陽"
"較優","較優"
"供應","供應_A"
"供應","供應_B"
"支持","支持_A"
"場","場"
"大於勝過","大於勝過"
"投降","投降_A"
"投降","投降_B"
"吊橋","吊橋"
"燕子","燕子"
"瑞典","瑞典"
"打掃","打掃"
"掃地","掃地"
"清明節","清明節"
"地瓜","地瓜"
"游泳","游泳_A"
"游泳","游泳_B"
"欺騙","欺騙"
"鞦韆","鞦韆"
"瑞士","瑞士"
"劍","劍"
"系列","系列"
"桌子","桌子"
"不約而同","不約而同_A"
"不約而同","不約而同_B"
"台中","台中_A"
"台中","台中_B"
"最後","最後"
"裁縫","裁縫"
"台南","台南_A"
"台南","台南_B"
"台北","台北"
"台灣","台灣"
"肉圓","肉圓"
"歌仔戲","歌仔戲"
"取","取"
"佔便宜","佔便宜"
"保重","保重"
"照顧","照顧_A"
"照顧","照顧_B"
"脫衣","脫衣"
"依序","依序"
"長舌","長舌"
"高","高_A"
"淡水","淡水(地名)"
"坦克車","坦克車"
"錄音帶","錄音帶_A"
"錄音帶","錄音帶_B"
"錄音","錄音"
"泰山","泰山"
"味道","味道"
"沒味道","沒味道_B"
"沒味道","沒味道_C"
"稅","稅_A"
"稅","稅_B"
"計程車","計程車"
"茶","茶_A"
"茶","茶_B"
"教","教"
"老師","老師_S"
"老師","老師_N"
"技巧","技巧"
"電報","電報"
"電話","電話"
"望遠鏡","望遠鏡_A"
"望遠鏡","望遠鏡_B"
"望遠鏡","望遠鏡_C"
"電視","電視"
"告訴","告訴"
"實話實說","實話實說"
"廟","廟"
"暫時","暫時"
"暫停","暫停"
"十","十_N"
"十","十_S"
"萬","萬"
"十萬","十萬_B"
"十萬","十萬_A"
"考","考_N"
"考","考_S"
"泰國","泰國"
"感謝","感謝_A"
"感謝","感謝_B"
"一言為定","一言為定"
"他倆","他倆"
"我倆","我倆"
"你倆","你倆"
"視野狹窄","視野狹窄"
"全台灣","全台灣_N"
"全台灣","全台灣_S"
"電影院","電影院"
"就","就"
"那","那"
"一定沒有問題","一定沒有問題_A"
"一定沒有問題","一定沒有問題_B"
"一定沒有問題","一定沒有問題_C"
"他們","他們"
"厚","厚_A"
"厚","厚_B"
"瘦","瘦"
"薄","薄"
"東西","東西"
"想","想"
"丙","丙"
"口渴","口渴"
"三十","三十"
"這","這"
"千","千_A"
"千","千_B"
"三","三"
"喉","喉"
"扔掉","扔掉"
"圖釘","圖釘"
"星期四","星期四_N"
"星期四","星期四_S"
"老虎","老虎"
"時間","時間_A"
"時間","時間_B"
"時間","時間_S"
"時候","時候"
"丁","丁(姓)_B"
"勞累","勞累"
"乏味","乏味_B"
"辛苦","辛苦"
"頒獎","頒獎"
"聽說","聽說_A"
"聽說","聽說_B"
"出租","出租"
"死背","死背"
"入殮","入殮"
"投奔","投奔"
"花錢","花錢"
"一同","一同"
"一起","一起_B"
"馬桶","馬桶"
"衛生紙","衛生紙"
"蕃茄","蕃茄_A"
"蕃茄","蕃茄_B"
"明天","明天"
"嫌少","嫌少"
"慘不忍睹","慘不忍睹"
"太多","太多"
"牙齒","牙齒"
"牙刷","牙刷"
"頂","頂"
"接觸","接觸"
"豆腐","豆腐"
"不認輸","不認輸"
"拖吊","拖吊"
"向","向"
"軌道","軌道_A"
"軌道","軌道_B"
"交通","交通"
"塞車","塞車"
"訓練","訓練_A"
"訓練","訓練_B"
"訓練","訓練_C"
"火車","火車_N"
"火車","火車_S"
"翻譯","翻譯"
"運輸","運輸"
"旅行團","旅行團"
"旅行","旅行"
"環遊世界","環遊世界"
"樹","樹"
"發抖","發抖"
"三角形","三角形"
"三腳架","三腳架"
"傷腦筋","傷腦筋"
"卡車","卡車"
"真","真"
"試試看","試試看_N"
"試試看","試試看_S"
"曹","曹(姓)"
"星期二","星期二_N"
"星期二","星期二_S"
"拔河","拔河"
"不倒翁","不倒翁"
"火雞","火雞"
"熄燈","熄燈"
"轉鈕","轉鈕"
"蘿蔔","蘿蔔"
"周轉","周轉"
"龜","龜"
"二十","二十"
"二","二"
"兩個","兩個"
"二合一","二合一"
"上兩星期","上兩星期_A"
"上兩星期","上兩星期_B"
"打字","打字"
"颱風","颱風"
"醜","醜_A"
"醜","醜_B"
"超音波","超音波"
"雨傘","雨傘"
"不會","不會_N"
"不會","不會_S"
"想不起來","想不起來_A"
"不認識","不認識_B"
"不清楚","不清楚"
"不在乎","不在乎_A"
"不知不覺","不知不覺"
"地下道","地下道"
"不料","不料_A"
"不料","不料_B"
"不認識","不認識_A"
"當耳邊風","當耳邊風_A"
"當耳邊風","當耳邊風_B"
"當耳邊風","當耳邊風_C"
"制服","制服"
"統一","統一"
"一枝獨秀","一枝獨秀"
"聯合","聯合"
"美國","美國_A"
"美國","美國_B"
"除非","除非"
"開鎖","開鎖"
"不幸","不幸_A"
"不幸","不幸_B"
"倒楣","倒楣_C"
"看不順眼","看不順眼"
"壞話","壞話"
"不合適","不合適_A"
"不合適","不合適_B"
"不服","不服"
"上","上_A"
"上","上_B"
"升級","升級"
"著急","著急"
"小便","小便_A"
"小便","小便_B"
"小便","小便_C"
"用","用"
"沒有用","沒有用_A"
"不必","不必"
"沒有用","沒有用_B"
"放假","放假"
"休假","休假"
"陰部","陰部_A"
"陰部","陰部_B"
"陰部","陰部_C"
"價值","價值"
"等等","等等"
"各式各樣","各式各樣"
"茫茫","茫茫"
"菜","菜_N"
"菜","菜_S"
"素食","素食_A"
"素食","素食_B"
"很","很"
"獸醫","獸醫"
"電動玩具","電動玩具"
"錄影帶","錄影帶_A"
"錄影帶","錄影帶_B"
"越南","越南"
"醋","醋"
"品德","品德"
"拜訪","拜訪"
"欣賞","欣賞"
"送醫","送醫"
"親臨","親臨"
"志願","志願"
"排球","排球_A"
"冊","冊"
"吐","吐"
"投票","投票"
"俗氣","俗氣"
"腰","腰"
"等","等_A"
"給你好看","給你好看"
"侍者","侍者_A"
"侍者","侍者_B"
"醒","醒"
"走","走"
"行","行"
"徘徊","徘徊"
"牆","牆"
"王","王"
"要","要_N"
"要","要_S"
"水性楊花","水性楊花"
"打仗","打仗"
"暖和","暖和"
"溫泉","溫泉"
"洗","洗"
"洗臉","洗臉"
"洗髮","洗髮"
"浪費","浪費"
"白費","白費_C"
"手錶","手錶"
"菱角","菱角"
"水","水_N"
"水","水_S"
"瀑布","瀑布"
"西瓜","西瓜"
"瓜子","瓜子"
"波浪","波浪"
"蓮霧 ","蓮霧 "
"我們","我們"
"弱","弱"
"武器","武器_A"
"武器","武器_B"
"武器","武器_C"
"星期三","星期三_N"
"星期三","星期三_S"
"秤","秤"
"迎接","迎接"
"歡迎","歡迎"
"井","井"
"乖","乖_N"
"乖","乖_S"
"西","西"
"西餐","西餐"
"鯨魚","鯨魚"
"什麼","什麼_B"
"日期","日期"
"星期幾","星期幾_N"
"星期幾","星期幾_S"
"幾時","幾時_A"
"幾時","幾時_B"
"怎麼辦","怎麼辦_A"
"怎麼辦","怎麼辦_B"
"任意","任意"
"麥","麥_A"
"麥","麥_B"
"哪裡","哪裡"
"幾月","幾月"
"什麼","什麼_A"
"白","白"
"紙","紙"
"誰","誰"
"全部","全部_A"
"全部","全部_B"
"為什麼","為什麼_B"
"寡婦","寡婦"
"鰥夫","鰥夫"
"太太","太太"
"答應","答應"
"柳樹","柳樹"
"野柳","野柳_B"
"勝利","勝利"
"秋","秋_A"
"窗","窗"
"酒","酒_S"
"翅膀","翅膀"
"口哨","口哨_N"
"口哨","口哨_S"
"退","退_A"
"退","退_B"
"凋萎","凋萎"
"狼","狼"
"女同性戀","女同性戀"
"餛飩","餛飩"
"懷疑","懷疑_A"
"懷疑","懷疑_B"
"木","木"
"啄木鳥","啄木鳥"
"詞","詞"
"上班","上班_B"
"世界","世界"
"擔心","擔心"
"包","包"
"擰","擰"
"寫","寫"
"寫單據","寫單據"
"文","文"
"毛筆","毛筆"
"筆談","筆談_B"
"吳","吳_B"
"吳","吳_A"
"仙","仙"
"汐止","汐止(地名)"
"楊","楊(姓)"
"院子","院子"
"打哈欠","打哈欠"
"一年","一年"
"黃","黃(姓)"
"昨天","昨天"
"原諒","原諒"
"你","你"
"你們","你們"
"少年","少年"
"弟弟","弟弟"
"妹妹","妹妹"
"屬於你","屬於你"
"于","于"
"零","零"
"之","之"
"中壢","中壢_A"
"中壢","中壢_B"
"拉鍊","拉鍊"
"打敗","打敗"
"公共汽車","公共汽車_B"
"跛子","跛子"
"每週","每週"
"遇到","遇到"
"出殯","出殯"
"原住民","原住民_B"
"透視圖","透視圖"
"卡","卡"
"通學","通學_A"
"不及格","不及格_B"
"底片","底片_A"
"底片","底片_B"
"了","了"
"傷","傷"
"泡茶","泡茶"
"打量","打量"
"軍","軍_B"
"看錯了","看錯了"
"老","老_B"
"位","位"
"支持","支持_B"
"吞嚥","吞嚥"
"太","太"
"步行","步行"
"為什麼","為什麼_A"
"冤枉","冤枉_A"
"疹","疹_A"
"假借名義乞討","假借名義乞討"
"素","素"
"被","被"
"冤枉","冤枉_B"
"人拿過去","人拿過去"
"討帳","討帳"
"疹","疹_B"
"盛飯","盛飯"
"又","又_B"
"運氣差","運氣差_B"
"煞車","煞車_B"
"參考","參考"
"油條","油條_S"
"透過","透過"
"電","電_S"
"補","補"
"老鼠","老鼠"
"除夕","除夕_B"
"少一個","少一個_D"
"倒茶","倒茶_B"
"訓導處","訓導處_S"
"矮","矮_B"
"雪","雪_B"
"子","子"
"依然","依然_B"
"高","高_B"
"紅蘿蔔","紅蘿蔔"
"白蘿蔔","白蘿蔔"
"光","光_A"
"肥肉","肥肉_B"
"夾菜","夾菜"
"汽水","汽水_S"
"社會","社會_N"
"零分","零分"
"洗車","洗車"
"EMAIL","EMAIL"
"高鐵","高鐵_A"
"高鐵","高鐵_B"
"台北捷運","台北捷運"
"高雄捷運","高雄捷運"
"飆車_A ","飆車_A "
"飆車","飆車_B"
"古蹟","古蹟"
"名勝","名勝"
"澳門","澳門_A"
"澳門","澳門_B"
"米粉","米粉_A"
"米粉","米粉_B"
"獨生子","獨生子"
"獨生女","獨生女"
"排行老二","排行老二"
"排行老三","排行老三"
"排行老大","排行老大"
"排行老么","排行老么"
"堂哥","堂哥_A"
"堂哥","堂哥_B"
"表姊","表姊_A"
"表姊","表姊_B"
"爸爸媽媽","爸爸媽媽_A"
"爸爸媽媽","爸爸媽媽_B"
"兄弟姊妹","兄弟姊妹"
"公公","公公"
"婆婆","婆婆"
"岳母","岳母"
"姑丈","姑丈"
"嬸嬸","嬸嬸"
"姨丈","姨丈"
"舅媽","舅媽"
"大嫂","大嫂_A"
"大嫂","大嫂_B"
"妯娌","妯娌"
"女婿","女婿"
"姊夫","姊夫"
"外甥","外甥"
"姪子","姪子"
"外甥女","外甥女"
"壽司","壽司_A"
"壽司","壽司_B"
"飯糰","飯糰"
"燒餅","燒餅"
"燒餅油條","燒餅油條"
"羹","羹"
"起司","起司"
"牛奶","牛奶"
"果汁","果汁_A"
"果汁","果汁_B"
"紅茶","紅茶"
"綠茶","綠茶"
"珍珠奶茶","珍珠奶茶"
"開水","開水_A"
"開水","開水_B"
"可口可樂","可口可樂_A"
"可口可樂","可口可樂_B"
"百事可樂","百事可樂_A"
"百事可樂","百事可樂_B"
"椰子","椰子"
"柚子","柚子"
"奇異果","奇異果_N"
"奇異果","奇異果_S"
"烤","烤"
"自助餐","自助餐"
"夜市","夜市_A"
"夜市","夜市_B"
"夜市","夜市_C"
"夜市","夜市_D"
"夜市","夜市_E"
"牛排","牛排_A"
"牛排","牛排_B"
"義大利麵","義大利麵"
"便當","便當"
"碗粿","碗粿"
"刀削麵","刀削麵"
"甜不辣","甜不辣"
"布丁","布丁"
"豆花","豆花_A"
"豆花","豆花_B"
"果凍","果凍"
"蚵仔煎","蚵仔煎_A"
"蚵仔煎","蚵仔煎_B"
"貢丸","貢丸"
"花枝丸","花枝丸"
"素丸","素丸_A"
"素丸","素丸_B"
"魚丸","魚丸"
"蝦丸","蝦丸_N"
"蝦丸","蝦丸_S"
"蝦捲","蝦捲"
"小籠包","小籠包"
"火雞肉飯","火雞肉飯_A"
"火雞肉飯","火雞肉飯_B"
"大腸包小腸","大腸包小腸"
"米腸","米腸"
"香腸","香腸"
"棺材板","棺材板"
"太陽餅","太陽餅"
"薑母鴨","薑母鴨"
"麻糬","麻糬_A"
"麻糬","麻糬_B"
"米苔目","米苔目"
"擔仔麵","擔仔麵_A"
"擔仔麵","擔仔麵_B"
"蛋捲","蛋捲"
"鳳梨酥","鳳梨酥"
"萬巒豬腳","萬巒豬腳"
"全家便利商店","全家便利商店"
"OK便利商店","OK便利商店"
"好市多","好市多_A"
"好市多","好市多_B"
"幾年","幾年"
"大概","大概"
"破曉","破曉"
"黃昏","黃昏_A"
"半夜","半夜"
"打工","打工"
"兼差","兼差"
"耽誤","耽誤_A"
"耽誤 ","耽誤_B "
"流利","流利"
"隔壁鄰居","隔壁(鄰居)"
"十字路口","十字路口"
"紅綠燈","紅綠燈"
"百貨公司","百貨公司"
"菜市場","菜市場"
"書局","書局"
"購物中心","購物(量販)中心_A"
"購物中心","購物(量販)中心_B"
"停車場","停車場"
"文化中心","文化中心"
"美容院","美容院_A"
"美容院","美容院_B"
"旅館","旅館_A"
"旅館","旅館_B"
"自動提款機(ATM)","自動提款機(ATM)"
"絡繹不絕","絡繹不絕_A"
"絡繹不絕","絡繹不絕_B"
"手機","手機"
"智慧型手機","智慧型手機"
"蘋果手機","蘋果手機"
"安卓系統","安卓系統_A (手機系統)"
"安卓系統","安卓系統_B (手機系統)"
"三星","三星_A"
"三星","三星_B"
"SONY手機","SONY手機"
"運動場","運動場"
"操場","操場"
"高爾夫球場","高爾夫球場"
"網球","網球"
"羽毛球","羽毛球"
"排球","排球_B"
"排球","排球_C"
"排球","排球_D"
"排球","排球_E"
"壁球","壁球"
"躲避球","躲避球"
"電動玩具","電動玩具_B"
"電動玩具","電動玩具_C"
"油畫","油畫"
"水彩畫","水彩畫_A"
"水彩畫","水彩畫_B"
"國畫","國畫"
"木刻版畫","木刻版畫"
"購物","購物"
"赤崁樓","赤崁樓"
"孔廟","孔廟"
"植物","植物"
"礦物","礦物"
"廢物","廢物_A"
"廢物","廢物_B"
"食物","食物"
"菠菜","菠菜"
"米漿","米漿"
"榴槤","榴槤_A"
"榴槤","榴槤_B"
"拉麵","拉麵_A"
"拉麵","拉麵_B"
"鍋貼","鍋貼"
"上課","上課_A"
"上課","上課_B"
"上課","上課_C"
"教室","教室"
"休閒","休閒"
"履歷表","履歷表"
"經歷","經歷"
"對話","對話"
"啟聰學校","啟聰學校_A"
"啟聰學校","啟聰學校_B"
"薪水","薪水_B"
"牙膏","牙膏"
"毛巾","毛巾"
"浴巾","浴巾"
"浴帽","浴帽_A"
"浴帽","浴帽_B"
"安全帽","安全帽"
"洗髮精","洗髮精"
"沐浴乳","沐浴乳"
"浴室","浴室"
"客廳","客廳_A"
"客廳","客廳_B"
"拖鞋","拖鞋"
"皮鞋","皮鞋"
"礦泉水","礦泉水"
"吹風機","吹風機"
"冷氣機","冷氣機"
"洗衣機","洗衣機"
"吊扇","吊扇"
"筆記型電腦","筆記型電腦"
"扣子","扣子"
"蔥抓餅","蔥抓餅_A"
"蔥抓餅","蔥抓餅_B"
"豬血糕","豬血糕_A"
"豬血糕","豬血糕_B"
"蘿蔔糕","蘿蔔糕"
"紅豆餅","紅豆餅"
"米糕","米糕_A"
"米糕","米糕_B"
"豬腳麵線","豬腳麵線"
"海鮮","海鮮"
"高職","高職"
"申請","申請"
"科目","科目_A"
"科目","科目_B"
"藝術","藝術"
"科技","科技"
"科技大學","科技大學"
"學務處","學務處"
"國文","國文"
"十二生肖","十二生肖_A"
"十二生肖","十二生肖_B"
"企鵝","企鵝"
"荷花","荷花"
"梅花","梅花"
"松樹","松樹"
"豹","豹"
"金魚","金魚_A"
"金魚","金魚_B"
"商店","商店"
"媽祖廟","媽祖廟_A"
"媽祖廟","媽祖廟_B"
"城隍廟","城隍廟"
"圖書館","圖書館_B"
"美術館","美術館"
"活動中心","活動中心"
"文化中心","文化中心"
"公共廁所","公共廁所"
"麥當勞","麥當勞"
"胖老爹炸雞","胖老爹炸雞"
"設施","設施"
"尖","尖_A"
"尖","尖_B"
"濕","濕_A"
"濕","濕_B"
"蝨子","蝨子"
"角","角 (動物)"
"舌頭","舌頭"
"指甲","指甲"
"種子","種子"
"樹根","樹根"
"樹皮","樹皮"
"灰塵","灰塵"
"煙霧","煙霧_A"
"煙霧","煙霧_B"
"灰燼","灰燼"
"膨脹","膨脹"
"獵","獵"
"割","割"
"刺","刺"
"搔癢","搔癢"
"挖","挖"
"浮","浮"
"人口流動","人口流動"
"流動","流動_A"
"流動","流動_B"
"什麼時候","什麼時候_A"
"什麼時候","什麼時候_B"
"一些","一些"
"摩擦","摩擦"
"擦(桌子)","擦(桌子)"
"綁","綁_A"
"綁","綁_B"
"兆","兆_A"
"兆","兆_B"
"兆","兆_C"
"海獅","海獅"
"吉他","吉他"
"蘿蔔湯","蘿蔔湯"
"蛋花湯","蛋花湯"
"電子琴","電子琴"
"鯊魚","鯊魚"
"平板電腦","平板電腦"
"自由式","自由式"
"蛙式","蛙式"
"蝶式","蝶式"
"仰式","仰式"
"公車站","公車站_A"
"公車站","公車站_B"
"高鐵站","高鐵站_A"
"高鐵站","高鐵站_B"
"火車站","火車站"
"火車票","火車票"
"高鐵票","高鐵票_A"
"高鐵票","高鐵票_B"
"飛機票","飛機票"
"大家","大家"
"聽障","聽障_A"
"聽障","聽障_B"
"外公","外公"
"外婆","外婆"
"兄弟","兄弟"
"姊妹","姊妹"
"外孫","外孫"
"外孫女","外孫女"
"雙胞胎","雙胞胎"
"三胞胎","三胞胎"
"同性婚姻(男性)","同性婚姻(男性)"
"同性婚姻(女性)","同性婚姻(女性)"
"夫妻","夫妻_B"
"聾小孩","聾小孩"
"嫂嫂","嫂嫂"
"姊夫","姊夫"
"龍鳳胎","龍鳳胎"
"聽障小孩","聽障小孩"
"排行","排行"
"排行第幾","排行第幾_A"
"排行第幾","排行第幾_B"
"今年","今年"
"幾個星期前","幾個星期前"
"上個月","上個月"
"兩天後","兩天後"
"幾個星期後","幾個星期後"
"下個月","下個月_A"
"下個月","下個月_B"
"凌晨","凌晨"
"通宵","通宵"
"早餐","早餐"
"早午餐","早午餐"
"中餐","中餐"
"晚餐 ","晚餐 "
"每年","每年_A"
"每年","每年_B"
"手語課","手語課_A"
"手語課","手語課_B"
"鋼琴課","鋼琴課"
"英文課","英文課"
"數學課","數學課"
"LINE","LINE (通訊軟體)"
"研究所","研究所"
"國中一年級","國中一年級"
"國中二年級","國中二年級"
"國中三年級","國中三年級"
"高中一年級","高中一年級"
"高中二年級","高中二年級"
"高中三年級","高中三年級"
"大學一年級","大學一年級_A"
"大學一年級","大學一年級_B"
"大學一年級","大學一年級_C"
"大學一年級","大學一年級_D"
"國立中正大學","國立中正大學"
"國立清華大學","國立清華大學"
"國立交通大學","國立交通大學"
"國立成功大學","國立成功大學"
"東海大學","東海大學"
"國立台灣大學","國立台灣大學"
"逢甲大學","逢甲大學"
"民雄 ","民雄 "
"一半","一半_A"
"一半","一半_B"
"多久?","多久?"
"幾點?","幾點?"
"幾分鐘?","幾分鐘?_A"
"幾分鐘?","幾分鐘?_B"
"幾秒鐘?","幾秒鐘?_A"
"幾秒鐘?","幾秒鐘?_B"
"幾星期?","幾星期?"
"多少錢?","多少錢?"
"什麼事情?","什麼事情?_A"
"什麼事情?","什麼事情?_B"
"體重","體重"
"臉書","臉書"
"Instagram","Instagram"
"吃藥","吃藥"
"摩斯漢堡","摩斯漢堡"
"肯德基","肯德基_A"
"肯德基","肯德基_B"
"星巴克","星巴克_A"
"星巴克","星巴克_B"
"屈臣氏","屈臣氏_A"
"屈臣氏","屈臣氏_B"
"康是美","康是美"
"退化","退化_A"
"退化","退化_B"
"產出","產出"
"泡麵","泡麵_A"
"泡麵","泡麵_B"
"不是我","不是我_A"
"不是我","不是我_B"
"我沒有","我沒有_A"
"我沒有","我沒有_B"
"男追女","男追女"
"女追男","女追男"
"農曆","農曆_A"
"農曆","農曆_B"
"婦女節","婦女節"
"兒童節","兒童節"
"勞動節","勞動節"
"母親節","母親節"
"父親節","父親節"
"情人節","情人節_A"
"情人節","情人節_B"
"中元節","中元節_A"
"中元節","中元節_B"
"教師節","教師節"
"國定假日","國定假日"
"跨","跨"
"跨年","跨年"
"月餅","月餅_A"
"月餅","月餅_B"
"請假","請假"
"病假","病假"
"生理假","生理假"
"生理期","生理期_A"
"生理期","生理期_B"
"事假","事假_A"
"事假","事假_B"
"公假","公假"
"喪假","喪假"
"婚假","婚假"
"陪產假","陪產假"
"育嬰假","育嬰假"
"四季","四季"
"春天","春天_A"
"春天","春天_B"
"夏天","夏天_B"
"秋天","秋天_B"
"冬天","冬天_B"
"暑假","暑假"
"寒假","寒假"
"夏至","夏至"
"冬至","冬至"
"天氣","天氣_A"
"天氣","天氣_B"
"梅雨","梅雨"
"梅雨季節","梅雨季節"
"冰雹","冰雹"
"寒流","寒流"
"焚風","焚風_A"
"焚風","焚風_B"
"海嘯","海嘯"
"淹水","淹水"
"好久沒有","好久沒有_A"
"好久沒有","好久沒有_B"
"龍捲風","龍捲風_A"
"龍捲風","龍捲風_B"
"颱風假","颱風假"
"系","系_B"
"文學院","文學院"
"中國語文學系","中國語文學系"
"外國語文學系","外國語文學系"
"哲學系","哲學系"
"地球與環境科學系","地球與環境科學系"
"物理學系","物理學系"
"化學與生物學系","化學與生物學系"
"化學系","化學系"
"生物系","生物系"
"生命科學系","生命科學系"
"科","科_A"
"社會福利學系","社會福利學系"
"心理學系","心理學系"
"勞工關係學系","勞工關係學系"
"政治學系","政治學系"
"傳播學系","傳播學系_A"
"傳播學系","傳播學系_B"
"工學院","工學院"
"資訊工程學系","資訊工程學系"
"資訊","資訊"
"電機工程學系","電機工程學系"
"機械工程學系","機械工程學系"
"化學工程學系","化學工程學系_A"
"化學工程學系","化學工程學系_B"
"通訊工程學系","通訊工程學系"
"管理學院","管理學院"
"經濟學系","經濟學系"
"企業管理學系","企業管理學系"
"財務金融學系","財務金融學系"
"會計與科技資訊學系","會計與科技資訊學系"
"科技","科技"
"法學院","法學院"
"法律系","法律系"
"條文","條文_A"
"條文","條文_B"
"財經法律學系","財經法律學系"
"教育學院","教育學院"
"成人繼續教育學系","成人繼續教育學系"
"成人","成人"
"犯罪防治學系","犯罪防治學系"
"運動競技學系","運動競技學系"
"番茄","番茄"
"披薩","披薩"
"鮪魚","鮪魚"
"蓮霧","蓮霧_A"
"蓮霧","蓮霧_B"
"草莓","草莓_A"
"草莓","草莓_B"
"冬瓜","冬瓜"
"蘋果","蘋果"
"我會游泳","我_B/游泳_A/會_N"
"他很孤單，需要陪伴","他_A/孤獨_A/他_B/要_S/陪伴/他_B"
"他們兩家從以前到現在積怨很久","房子/兩個/地方/這/這/以前/到/現在/積怨_A/久"
"他近來的行動怪異","他_A/過去的最近/行動/奇怪_S"
"寫作業會增加壓力/","作業/寫/壓力/加/會_N"
"人人都要有冒險無懼的精神","每/人_A/你們/冒險_B/不怕/要_S/有"
"我完全不知道這件事","這/事情/我_B/完全/不知道_N"
"家庭對人有很大的影響","人_A/家_A/地方/影響/大"
"他看見蜜蜂就害怕","蜜蜂/他_A/見/怕_N"
"我和他很怕閃電","電_N/我_B/他_A/怕_S"
"今天下午要去打籃球","今天/下午_A/去_B/籃球"
"歡迎再度來到台灣","高興/歡迎/再_A/來/台灣"
"我想(同意)他一定來","我_B/同意_A/他_A/來/會/一樣"
"他到機場觀賞飛機起降","機場/他_A/去_B/見/飛機起降"
"爸爸完全不知道這件事","這/事情/爸爸/完全/不知道_N"
"他經常睡不著","他_B/睡_A/做不成/老是"
"爸爸很生氣","爸爸/生氣_A/很"
"氣象局宣布明天颱風會侵台","天氣/地方/這/宣佈/明天/台灣/颱風/這"
"我剛剛已經回答了你的問題","你/問題/我_B/剛剛/回答你/完了"
"他開車經過了許多高樓","大樓_A/他_A/開車/經過"
"我們約明天下午三點見面","我們兩個/明天/下午/三點/約_B/見面"
"明天我安排了一場會議"今天/工作/我_B/遲到_A/又來了","我今天上班又遲到了","明天/會議/我_B/安排/完了"
"他問了我一道數學題目","數學/題/他_A/問我"
"我們要分配好自己的時間，這樣做事才會有效率","我/這些/自己_N/時間_A/分配/要/工作/事情/試試看_N/完成/快_S"
"你不要引誘他人做違法的事情","你/不要_S/引誘/什麼_A/違法/做/事情/不"
"房子後面開了許多玫瑰花","房子/後面/這/開花/玫瑰"
"歹徒心狠手辣，非常殘忍","這/壞/人_A/壞//心/殘忍/壞/很"
"他獲保釋後接受電視專訪","他_A/保釋/保釋/電視/訪問"
"這間銀行很古老","這/銀行/地方/銀行/舊_A/古老"
"藝人日前記者會宣布破產","藝人/他_A/將來的最近/紀錄_A/人/會議/宣佈/我_B/破產"
"籃球是我最喜歡的運動","運動_A/類別/其中/籃球/我_B/喜歡_N/很"
"他每天早晚都洗澡","他_A/每天/早上_B/晚上_A/洗澡_A"
"公園裡的玫瑰很美","公園/花/玫瑰/美_N"
"森林遊玩要注意蜜蜂，以免被攻擊","去_B/森林/玩/注意/什麼_A/蜜蜂/攻擊/小心//如果/攻擊/你/注意"
"德國人喜歡喝啤酒","德國/人_A/那/啤酒/那/喜歡_N/喝/喜歡_N"
"我求媽媽帶我去動物園玩","動物園/玩/這/我_B/求/媽媽/求/媽媽/我_B/帶/去_B"
"我相信他不是故意的","我_B/相信/他_A/故意_B/不是_B"
"我們去買飲料","我們/去_B/飲料/買_A"
"我每天騎腳踏車上學","我_B/每天/騎腳踏車_A/去/讀書"
"那隻鳥的顏色很特別","那/鳥/顏色_A/特別_N"
"他的白髮變黑了，好神奇","他_A/白/髮/變/黑/奇怪_S"
"請朝著這張紙吹氣","這/張/這/吹"
"今天的天空是藍色的","今天/顏色_A/天空/藍/顏色_B"
"每天跑步對身體很好","每天/跑/身體_B/對/好_B"
"我喜歡煮魚料理","魚/煮/我_B/喜歡_N"
"照顧小孩真麻煩","小孩/照顧_A/麻煩"
"一碗米飯大概三百卡","米/碗/大概/三百/熱/程度"
"這個盒子是空的","這/盒子/空"
"他買的麵包很香","麵包/他_A/買/這/香"
"弟弟打破了這個玻璃杯","玻璃_N/杯子/這/弟弟/拿/打破"
"集市擠滿了買賣東西的人","買賣/地方/人_A/擠/買_B/賣/東西/賣"
"我忙得沒時間吃飯","我_B/忙/吃飯_A/時間_A/沒有_A"
"他很熱情，可是並不囉嗦","他_A/熱情/很/可是/囉嗦/不會_N"
"我買了去日本的機票","飛機/去_B/日本/飛機/票/我_B/買_A/結束"
"鐘響之後，老師就叫學生回來上課","鈴_A/完了/老師_N//叫/大家過來/念書"
"我們一起照相","我倆/一起/照相"
"他幫我買火車票","火車_N/票/他_A/幫我/買_A"
"過馬路要注意安全","路/邊/走/安全/注意"
"老師帶學生參加科學展覽","科學展/學生/老師_S/帶/進入"
"貓很可愛","那/貓/可愛"
"昨天他們一起抓住了小偷","小(偷)/這/他_A/昨天/他們/一起_A/抓_B"
"醫生要我配合，感冒才會好得快","醫生/要_S/我_B/相配/要_S/感冒_B/病/恢復/快_S/能"
"媽媽把這塊肉切成碎塊","肉_A/塊/媽媽/剁/碎塊/剁/碎塊"
"明天我們要慶祝你的生日","你/生日/明天/我們/幫忙/祝/慶祝_A"
"這張椅子少了一隻腳","這/椅子/四隻腳/腳/少一"
"毛毛蟲變成蝴蝶了","毛毛蟲/變/蝴蝶"
"我希望能與你交換位置","我_B/希望/什麼_A/你/我_B/位置交換_B"
"這份文件需要再增加表格及圖示說明","這/張/這/要_S/加/什麼_A/表格/再/第二個/畫/內容/解釋"
"哥哥追著弟弟跑","弟弟/哥哥/追/跑_A/追"
"聊天是舒壓的好方法","舒服_A//身體/方法/什麼/聊天/棒_A"
"這輛車很便宜","這/車/便宜_A"
"考試不可作弊","考試_S/作弊/不能"
"爸爸是英語系主任","爸爸/他_A/英文系/主任/是"
"他的小孩長大了","他_A/小孩/長大"
"他是成熟男人還是幼稚男孩?","他_A/男/人/成(成人)/怎麼//幼稚/小孩/男/怎麼//這倆個/怎麼"
"農曆新年很熱鬧","春節_A/溫暖/熱鬧_B/吵鬧"
"我會包水餃","我_B/水餃/會_N"
"請挑選你要的顏色","你/顏色_A/你/想/什麼_A/你/選"
"鐵筷比竹筷還要環保","鐵/筷子_N/竹子/筷子_N/比較/這/環保/棒_A/贏"
"鐵筷比竹筷還要環保","竹/筷子_S/鐵/筷子_S/比較/這/環保/棒_A/贏"
"星期天去教會","禮拜天_S/去_B/教堂"
"他對菸酒上癮","他_A/這/香煙/酒/上癮_B"
"這座城市很漂亮","這/城_S/四周/美_N/美_S"
"剛剛發生車禍，於是我申請了保險理賠","剛剛/發生/車禍_A/這/申請/保險/索賠"
"他跟我是同學","我倆/同學_A/是"
"你的房間整理得很乾淨","你/住_A/房間/那/乾淨/棒_A/整理/棒_A"
"你離開時，幫我把門關上","你/離開家/幫我/關門"
"衣服在桌子上","桌子/衣服/放"
"雲在天上","雲/那裡"
"昨天陰天，今天大太陽","昨天/陰天//現在/太陽"
"這個小丑不時出現，逗人發笑","這/小/小丑_A/忽然/到處/笑/幽默"
"媽媽很怕蟑螂","那/蟑螂媽媽/那/怕"
"這杯咖啡很苦","這/咖啡/喝/苦"
"吃完一大碗冰後我覺得很冷","冰/大碗/我_B/吃/覺得/冷"
"你有收集郵票嗎?","郵票/張/郵票/你/收集/有沒有"
"這個顏色太暗了","這/顏色_A/暗"
"這衣服穿起來很舒服","這/衣服/穿/舒服_A"
"剛剛爸爸命令我去整理房/間","剛剛/爸爸/命令我/去/房間/整理"
"他送給我一張照片作紀念","他_A/送我/張/照片/紀念"
"這裡的會員可以免費使用運動器材","這/會員/可以/每/所有/可以/什麼/這/運動/東西/什麼/全部/免費/全部/可以"
"我拿「冠軍」已經是司空見慣了","第一名/拿/我_B/每/司空見慣_A"
"開會時要充分溝通","開會/溝通/要_S/溝通/想/什麼/溝通/要_S"
"他通學一年了，身體很累，所以決定住校。","他_A/通學_B/一年/身體/累/想/一定/住_A/學校"
"謝謝貴公司一直以來對我們的信任與支持","謝謝/你/公司/你/相信/我們/支持_B"
"弟弟和哥哥在比較誰比較高","弟弟/哥哥/比較/高/贏/誰/"
"弟弟比賽第一名","弟弟/比賽/第一名_N"
"隨著科技的進步，手機功能也越來越複雜","科技/快_N/進步/手機/種類/這/複雜/手機/複雜/這/複雜"
"我們要常常關心家人","這/家/父母_B/兄弟/這/他們/常常/關心/要_S"
"祝你生日快樂","祝/蛋糕/快樂"
"這部電影既愚蠢、無聊又保守","這/電影/呆/呆板/守舊"
"請你下次記得與我聯絡","請/你/下_A/記得/我_B/聯絡/要_S"
"散播疫情假訊息，最高罰萬元","散播/病/擋/傳染/那/假//那/罰/最高/錢/三百/萬"
"你要仔細看簽約的內容","你/寫/簽約/張/你/閱讀/細/閱讀/要_S"
"你做事一定要考慮清楚，不要反反覆覆","你/做/事/什麼//你/想/清楚/再/一定//出爾反爾_B/不要"
"這個答案正確","這/答案/正確"
"這個市長不腐敗貪婪，很公正","這/市長/他_A/貪污/貪心/沒有_A//他_A/公/正/好_B"
"咳嗽要記得吃藥","咳嗽/藥/吃/記得"
"國與國之間的關係，瞬息萬變","國/國/兩個/關係/忽然/變化"
"他最喜歡音樂課","唱歌/指揮/課/他_A/喜歡_N"
"毀約可不是賠錢就能了事","你/契約_A/你/失約_A/賠錢/不"
"做人不要太貪心，否則會因小失大","做/人/貪心/不//不然/浪費/怕_N"
"牛可以幫忙耕田","牛/可以/幫忙/什麼_A/那/耕田/田/耕田/可以"
"他又遲到了，令我發狂","他_A/遲到_A/老是/積怨_A/發狂"
"他是一位負責的刑警","他/刑警/警察/他/工作/事情/負責_B/好_B"
"遭人批評的時候，要先冷靜的自我反省","他們/批評/我///生氣/不要/冷靜/想/自己_N/看_N/看自己/自己_N"
"過馬路要停下來兩邊看看/","你/路/走過/等_A/等_B/左見/右見"
"那家店湧入了許多人潮","那/商店/人_A/湧入"
"早上搭公車的人很多很擠","早上_B/公車/裡面/人/多/擠"
"他哭了","他_A/哭_A"
"孩子的教育不能等","孩子/屬於他們/教育/培養/等_A/等_B/不能"
"我第一次出國，對於所看到的一/切事物都很好奇","我_B/搭飛機/第一次//我/對於/見/好奇/見/好奇"
"剛剛接到學校電話，兒子又逃學了","剛剛/接電話/學校/接電話//我_B/兒子/逃/逃學/老是"
"等車應該依序排隊，不可插隊","那/車/這/等/這/人_A/輪流/排隊/插隊/不行"
"每年換季期間，百貨公司都會降價","每/年/衣服/換/什麼/短袖/長袖/換/時間/期_B//這/百貨公司/這/會_N/降價_B"
"跳舞是好的運動","跳舞_N/這/運動_A/好_A"
"他與我辯論，往往勝利","他_A/我_B/辯論/我_B/輸/他_A/辯論/他_A/贏"
"保持口腔乾淨是預防蛀牙最好的方法","你/口/乾淨/好_B/什麼//蛀牙/刷牙/髒/黏/不行/刷牙/乾淨/蟲/不會_N"
"這個洞穴很深","這/洞/很/深_B"
"我決定努力學習手語","手語/學/我_B/決定/努力"
"台灣製造的機器品質很好","台灣/有/機器/建設/各式各樣/品/程度/特別/好_B"
"他送我一張卡片","卡片/他_A/送我"
"這座橋的外型設計很好看又有創意","這/橋/這/設計/樣子/見/好_B/創作/好_B"
"不懂的字要勤查字典","字/一竅不通/自己_S/這/檢查/字典/要_S"
"我的狗昨天死了","昨天/我_B/狗/死"
"我們的飲食習慣和國外不一樣","我們/吃飯/飲料/習慣_N/四處/國外/不一樣"
"遇到困難時，我可以幫你","碰見/困難/有//我_B/幫你/可以"
"這種食物容易消化，適合老人吃。","這/東西/吃/消化/簡單_A//這/老人/老_A/吃/適合/這"
"妹妹正在用功念書","妹妹/現在/用功_A/念書/用功_B/用功_A"
"你的手很髒","你/手/髒/很"
"郊遊計畫因下雨而取消，令人失望難過","旅遊/玩/設計/計畫_A/那/下雨/取消//失望/難過"
"不要難過，我會陪你","難過/不/我_B/陪伴/會_N"
"我們在討論畢業旅行的事情","我們/討論/什麼_A/畢業/旅行"
"我怕兔子，看到兔子會討厭/","這/兔子_B/這/怕_N/見/討厭_S/不喜歡_N"
"弟弟喜歡收集盤子","盤子/弟弟/喜歡_S/收集/喜歡_S"
"解散後，大家自行回去","解散/大家/自己_N/回去"
"下課去商店買飲料","下課/去_B/買賣/地方/飲料/買_A"
"他們倆剛離婚","他倆/剛剛/離婚"
"頭暈是高血壓的症狀之一","頭/頭暈/什麼/高血壓/病/其中/一"
"工作要認真","工作/認真/要_S"
"這件事和他沒關係，你不能牽扯到他","這/事情/他_A/沒關係_A//你/抓他進來/不能"
"這隻狗很瘦","這/狗/瘦"
"門上有很多裝飾","門/這/物體"
"我想喝汽水，請你幫我去買好嗎","汽水_N/我_B/想/喝//你/幫我/去_B/買_B/好"
"開車需要有駕照","開車/證明/要_S"
"我口渴，要喝水","乾_A/我_B/喝/要_S/喝/要_S"
"用電鍋煮蛋很簡單","電鍋/蛋_A/蛋放進去電鍋/煮//簡單_A/便利"
"他包的餃子很好吃","他_A/水餃/吃/好"
"你今天晚上要回家吃飯嗎","你/今天/晚上/回家//吃飯_A//要_S"
"他努力得到第一名","他_A/認真/努力/獲得/第一名_N"
"他常說話說得太自大，你可別相信/","他_A/演講_N/自大_B/演講_N//你/他_A/相信他/不行"
"媽媽抱抱小孩","小孩/媽媽/抱"
"家裡沒有人","家_A/裡/人/空_B"
"最近又發生以色列和巴勒斯坦國家衝突","最近/總是/發生/什麼_A/以色列/這/巴勒斯坦/這/國/二/國家/敵人/常常/發生"
"把英文學好很重要","讀/英文/讀/學習/重要"
"環境保護，人人有責","環境/保護/每/人/責任"
"努力學習是為了有更好的將來","學習/努力/目的/未來_B/更/棒_A"
"夏天的夜晚很熱","夏天/夜晚_A/熱"
"每次出門都要帶錢包","每/出/錢/皮包/放進/要_S"
"每天游泳對身體很好","每天/游泳_A/幫我/身體/好_A"
"出國旅行前，要記得換一些外幣","國外/飛機/旅遊/國外/錢/換_B記得"
"媽媽不允許我出去玩","我_B/去_B/出/玩/媽媽/允許/沒有_A"
"比較貴的東西品質一定比較好","東西/貴/品/程度/一定/棒_B"
"他開始解釋遲到的理由了","他_A/遲到/開始/解釋/什麼"
"你的眼睛怎麼腫腫的","你/眼睛/腫/什麼_A"
"他的臉上有疤痕","他_A/臉/疤痕"
"昨天的棒球比賽，結果我們輸了","昨天/棒球/比賽/結果/我們/輸"
"你最好不要失約","你/失約_A/不要_S/記得"
"現在網路上有很多騙人的假新聞","現在/網/路/新聞/這些/假/騙/很多"
"我來自三代同堂的大家庭","我_B/來自/什麼/大/家庭/三/三代"
"他爸爸是有名的演員","他_A/爸爸/演員/有名_N"
"農夫用水管澆農田","農/田/那/農夫/水_S/管子/澆水"
"他跑得很快","他_A/跑/直/快_S"
"養育孩子是很辛苦","小孩/養_B/育/苦/累"
"男性與女性應該平等","男/女性/平等/一樣/要_S"
"他們倆工作忙，很少見面","他倆/工作/忙/見面_B/少"
"表演結束之後來找我","表演/結束/完了//你/來/找/我_B"
"澳洲的一片森林被大火燒掉了","澳洲/森林/火/乾淨"
"日本的櫻花全都開花了","日本/變/(到處)/開花"
"工作還沒完成，繼續把它做完","工作/完/還沒/再_A/繼續/工作/完"
"他對外國的生活充滿嚮往","他_A/外國/活動/情形/他_B/渴望/希望"
"我們要保護森林","森林/我們/保護/要_S"
"她忘了帶錢包出門","他_A/出/錢/皮包/他_A/忘記/帶"
"這裡有個怪味道","這/聞_B/奇怪_S/聞_B/奇怪_S"
"他真的是我朋友/(/他是一個真誠的朋友)","他_A/我_B/朋友/真/是"
"所有座位都滿了","座位/全部_A/滿"
"我吃飽了","我_B/吃飯_A/飽"
"未來移民到外星球是有可能的","未來_B/星球/我_B/移居/可以/能/有"
"我的眼鏡斷掉了","我_B/眼鏡/壞掉"
"他想去英國旅行","他_A/想/去_B/英國/旅行"
"下班之後要去健身房運動","下班/去_B/健身房/各種運動"
"他唸書的目的很明確","他_A/讀書/目的/清楚/很"
"那隻羊是黑色的","那/羊/那/黑"
"金是一種貴重金屬","鐵/金/種類/其中/一/金/貴"
"早安，你好","早/安靜/好_A"
"我今年六月高中畢業","我_B/今年/六月/高三/畢業"
"爺爺喜歡爬山","爬山_A/爺爺/喜歡_N/他_A"
"這是奶奶最愛的佛珠","佛珠/這/奶奶/很/喜歡_N/愛/這"
"葡萄不是長在樹上","葡萄/樹/那/掛樹上/那/不是_B"
"多看綠色植物對眼睛有益","綠/樹/眼睛//見/幫我/棒_A"
"我長大以後想當老師","長大/以後_B/想/做/老師_S"
"你在這裡等我","你/這/等_B"
"他有賴床的習慣","他_A/習慣_N/什麼_A/床/睡_C"
"他把頭髮染成金色","他_A/頭髮/顏色_B/變/金/色_A_S"
"你喜歡吃漢堡嗎","漢堡/吃/你/喜歡_N"
"他認真的樣子很帥","他_A/認真/臉/認真/英俊/棒_A"
"我很快樂","我_B/快樂"
"我沒有錢","我_B/錢/沒有_A"
"校長是個年輕人","校長/他_A/年輕人/他_A"
"多運動可以保持健康","運動/多/身體/健康/依然_B"
"聽音樂是休閒之一","休息/消遣/什麼_A/這/聽/歌/是"
"我的朋友心臟不好","我_B/朋友/心_B/心跳/不好_B"
"女人的體重是秘密","女性團體/體重/秘密"
"請幫我拿東西過來","東西/幫我/拿"
"他的狗被車撞了，他著急得哭了","他_A/屬於他/狗//被車撞//他_A/著急/哭_B"
"我以後希望當老師","我_B/以後/希望/做/老師_S"
"國王有很多匹馬","國王/那/馬/數量/多_A"
"她昨天離開醫院","醫院_B/她/昨天/離開醫院"
"今天天氣很熱","今天/天氣/熱"
"這間屋子很漂亮","這/屋子/漂亮_S"
"姊姊已經歲了","姊姊/年紀/歲/超過"
"請你來我家玩","我_B/家/來/玩"
"他每天游手好閒，大家都輕視他","他_A/每天/閒閒沒事/休閒/玩//他們/見他/輕視"
"如果你不出席會議，記得要跟我說","如果/你/會議/參加/不要_S//你/記得/告訴我"
"努力學習是為了有更好的將來","學習/努力/目的/未來_B//更/棒_A"
"爸爸催促我立刻上床睡覺","爸爸/催/立刻/去/睡覺"
"也許明天會下雨","明天/下雨/也許/會_N"
"中場休息三十分鐘","介入(中間)/休息/三十分鐘"
"請自我介紹一下","(叫人)/我_B/自己/介紹"
"到台灣旅行，行李要經過檢查","台灣/旅遊/飛到/行李/檢查/翻箱倒櫃/要"
"我答應他的邀請","他_A/邀請我//我_B/答應"
"貓咪跳上了屋頂","屋子/屋頂/貓/跳到屋頂"
"老師的主要工作是教學","老師_S/工作/正(主要)/什麼/教"
"我的鑰匙不見了","我_B/鑰匙/遺失"
"殺人是犯法的","人_A/殺/這/違法/失約_A"
"我會包水餃","我_B/水餃/知道_N"
"你知道我的眼鏡在哪裡嗎?","我_B/眼鏡/哪裡/你/知道_S"
"知識就是力量","力量/什麼/知識"
"學校裡有一座人工湖","學校/裡/人/工/挖/湖/有"
"我看到坵蚓從土裡鑽出來","土/平/我/見/蚯蚓爬出來"
"我會三種語言","我/語言/三/會_N"
"那個笑話，讓他笑了五分鐘","這/笑話/他_A/笑/摀嘴/五分鐘"
"我家離圖書館很近","圖書館/我_B/家_A/兩者距離/近"
"剛出生的嬰兒體重很輕","嬰兒/剛剛/出生/這/體重/輕"
"我喜歡聽音樂","唱歌/指揮/我/聽/喜歡_N"
"喝太多酒對身體不好","酒_N/喝/多/對/身體/不好_B"
"我住在台北","我/住_A/台北"
"一個人在家好無聊","只有一個/家_A/在/無聊"
"他寫功課，因為不懂，所以寫了很久","他_A/念書/寫/不懂_A/久"
"請幫我找一下同學","幫我_N/同學_A/找"
"爸爸很愛媽媽","媽媽/爸爸/愛(表情加強)"
"這台機車性能很好","這/機車/機器/堅固/棒_A"
"姐姐出門前會先化妝","姐姐/出/之前/會_N/什麼/化妝"
"陳先生很喜歡那位小姐","那/女性/那/陳/先生/見/喜歡"
"他有許多煩惱的事情","他_A/討厭_N/事情/多_A"
"我們明年要結婚了","我們兩個/明年/結婚"
"他的房間很亂","他_A/家_A/住/家裡/亂"
"哥哥教弟弟寫數學功課","弟弟/數學/寫/哥哥/教"
"她可以跟我們一起去旅遊嗎?","我們/一起/去/旅行/玩/她/加入/可以"
"等一下去藥局領藥","等_A/去_B/藥局/藥/拿"
"我們下次再見面","我們/下/再/見面_B"
"每個星期一都要開會","每個星期/星期一/開會/一樣"
"嬰兒要喝奶","嬰兒/奶_S/要_S"
"考試時要仔細，別看錯題目/","你/考試_S/閱讀/題/要_S/閱讀/看_S/見/錯/不行/仔細看/要"
"出門記得要帶錢","嗨/出/記得/錢/放口袋"
"媽媽是全天下最好的","媽媽/全世界/好_B/第一名_N/好_B"
"昨天阿姨來我家玩","昨天/阿姨/來我家/玩"
"一台機車要價五萬，很貴","機車/一/五萬/貴"
"我上禮拜跟爸爸去爬山","上個星期/我_B/爸爸/我倆/去_B/爬山_A/山"
"要隨時保持口腔清潔","隨意/時間/口/乾淨/保護/依然_B"
"登山是其中一種戶外活動","戶/外/活動/其中/一/爬山"
"看電影時請保持安靜","電影/欣賞/安靜/保持"
"搬家很辛苦","搬家_B/辛苦"
"互相關心是婚姻幸福的關鍵","互相/關心/這兩個/夫妻/幸福/重要/這"
"他的名字看起來很不錯/","他_A/名字_S/看_N/棒_A"
"隔壁鄰居是個老先生","鄰居/下一個/這/老/先生"
"快輪到他表演了，他很緊張","快接近/下一個/他_A/表演//他_A/緊張_A/緊張B"
"快輪到他表演了，他很緊張","快接近/下一個/他_A/表演//他_A/緊張_A/緊張B"
"這個背包是新的","這/背包/新"
"我要看報紙","報紙/我/看/要_S"
"下一站要下車","搭車/那/下一個/那/下車"
"明年我要去美國","明年/美國/我/去_B"
"你要吃麵還是吃飯？","麵/米/這兩個/吃/什麼"
"這雞肉飯勉強還可以","這/雞/吃飯_A/吃/還不錯"
"每個地方都有好人和壞人","各處/人_A/好//人_A/不好_B/有"
"今天是星期幾呢?","今天/星期幾"
"今年端午節媽媽要包粽子","現在/年/粽子_N/節/媽媽/包粽子_N"
"你的車牌號碼是多少","你/開車/牌/號碼_B/嗎"
"台灣護士的專業能力很強","台灣/護士/專/業/技術/棒_B"
"肥胖對身體不好","胖_A/對/身體_B/健康/不好_B"
"你變瘦了","你/胖_B/變/瘦"
"辦公室請保持乾淨","辦公室_C/乾淨/依然_A"
"他經常睡不著","他_A/睡_C/做不成/經常"
"炒菜時要用油","菜_N/炒/油_S/倒/要_S"
"他丟了許多舊報紙","他_A/舊_B/報紙/攤開/亂丟"
"那隻狗很老了","那/狗/老/爬"
"姊姊沒有男朋友","姊姊/男/朋友/沒有"
"我有一件裙子","我_B/裙子/有/一"
"爸爸一個鐘頭後就回來了","爸爸/一個鐘頭_A/回來"
"這間教室只有我一個人","這/教室/全部_A/我_B/只有一個/人_B"
"這件牛仔褲很緊","這/牛/褲子/緊/悶"
"我會三種語言","我/口語/三/會_N"
"橘子是我最喜歡的水果","水果/其中/橘子/我/喜歡_N"
"原來他是老師","他_A/老師_S/原來"
"你還有其他的計劃嗎?","你/想/計畫_B/又_A/其他/有沒有"
"我好想出去玩","我_B/去_B/玩/想"
"這件褲子是名牌","這/褲子/有名/貴"
"紅線不能停車","紅_S/邊/停車/不行"
"我要參明天下午的會議","明天/下午/會議/我/參加//要_S"
"他通過了重重考驗","他_A/考試_N/輪流/他_A/過/通過"
"我以前很胖，現在變瘦了","我_B/以前/胖//現在/瘦/竹子_S"
"剛剛忍不住笑了起來","剛剛/忍耐/笑/忍耐/不能"
"警察識破犯人的計謀","他_A/壞人/他_A/設計/他_A/警察/看穿/破"
"這是標準答案","這/答案/標準"
"那邊有兩個人","那/兩個/人_B/那"
"我喜歡運動","運動_A/我/喜歡_N"
"農夫在田裡種了各種各樣的水果","田/農夫/種/水果/各式各樣"
"每天練習就會進步","每天/練習/進步/會_N"
"這個節目很好看","這/節目_B/看/棒_A"
"他把我拉過去","他_A/拉我"
"他推我下去池子裡","池/這/池/他_A/我_B/他_A/我_B/他_A/推"
"看電影時請保持安靜","電影/看/講/安靜/依然_A"
"外面下雨了","外面/下雨"
"盒子裡的老照片是珍貴的回憶","盒子/這/舊/古老/照片/珍惜/保護/以前"
"我最近買了一部電腦","電腦/我_B/過去的最近/買_B"
"所有動物的血都是紅色的，是吧?","動物/這些/紅_N/血_B/全部/紅/是"
"媽媽把紙條貼在冰箱上","媽媽/紙/寫/冰箱/貼上"
"全台灣的人民都想阻擋新冠狀病毒散播","台灣/全台灣/心//一樣/想/一樣/什麼/這/新冠狀病毒/傳播/這/擋"
"地球繞著太陽轉","太陽/地球_A/繞著太陽轉"
"米是台灣的主食","台灣/吃/大部分/什麼/米"
"他很有錢，到處亂花","他_A/豐富/有錢/花錢(到處)"
"河邊有許多野花","河/邊/自/花/開花/多"
"這條道路是新的","這/道路/這/新/這"
"每日鹽巴要適中而不過量","每天/鹽_N/中_A/過/不"
"他走了一圈，又回到了原點","他_A/走一圈/這/回/一樣"
"從我家到學校很遠","學校/我/家_B/很遠"
"媽媽一直罵弟弟","弟弟/媽媽/罵_A"
"地球表面的%由海洋覆蓋","地球/百分之七十/海/包"
"他瞄了我一眼","他_A/見我"
"我自己一個人逛街","我/自己_N/一/去_B/路/消遣"
"我自己一個人逛街","我/自己_S/去_B/路/消遣"
"那棟大樓一層樓要賣一千萬","那/大樓_B/一層/一/賣/一千萬"
"一個禮拜有七天","一週/多少/七/天_A"
"剛剛我跟總統握手","剛剛/總統/我_B/握手"
"這雙鞋子穿起來很舒適","這/鞋子_N/穿鞋子/舒服_A"
"我們兩個離得很近","我們兩個/地方/近"
"最近生活很拮据","將來的最近/生活/拮据_B"
"互相幫忙是應該的","幫忙_N/互相/應該/棒_A"
"妹妹生病了","妹妹/生病"
"兒子長得很像爸爸","兒子/他_A/爸爸/他倆/臉/像"
"你以為我不會手語嗎","你/以為/我_B/手語/不會_N"
"弟弟喜歡聽歌曲(音樂)","聽/歌/弟弟/喜歡_N"
"滑雪是冬季奧運的比賽項目之一","雪_A/滑雪/這/冬奧/裡/種類/一"
"用動物皮製作產品很殘忍","動物/皮/做/那/哭_A/殘忍"
"天上一點雲都沒有","天_A/那/雲/空_B/沒有_A"
"他睡著了","他_A/睡_A"
"天雨路滑,慢慢走","那/下雨/這/路/滑/你/走/慢_N"
"這一個容器中的這一顆蘋果壞掉了","這/容器/這些/蘋果/一顆顆/這/這一顆/壞/臭/這"
"爸爸的襪子很多","爸爸/襪子/數量/多_A"
"他向媽媽說對不起","他_A/媽媽/我_B/向/媽媽/對不起"
"這梅子很酸","梅/這/酸_B/很/這"
"南方比北方熱","北/地方/南_A/地方/勝過/熱"
"他把醬油倒的到處都是","他_A/醬油/倒(到處)"
"他的腳掌很寬","他_A/腳掌/這/寬_A"
"我會說三種語言","我_B/說/種類/三/會_N"
"學生喜歡聽老師講鬼故事","老師_N/演講_N/鬼_N/故事//學生//他們/聽/喜歡_N"
"運動家精神很重要","運動/家/精神/重/要_S"
"信封上面要貼郵票","信/信封/信封的左上方/郵票/貼/信封的左上方"
"我被罰站好久","我_B/罰我/站/等_B"
"他開始寫作業了","他_A/表格/開始/寫"
"我的機車被偷了","我_B/機車/偷"
"紅燈停，綠燈行","紅_S/燈/停//綠/燈/走"
"那裡有奇怪的人走來走去","那/人_A/奇怪_S/那/走來走去"
"放學後，學生都回家了","讀書/解散/學生/他們/回家"
"他今天替我代班","他_A/今天/幫我/代替/工作"
"忽然下了雨，把每個人都淋溼了","忽然_A/下雨/人/這些/淋濕"
"我不喜歡甜食","吃/甜_N/吃/我_B/不喜歡_N"
"這封信請記得交給他","這/信/張/信/給_A/他_A/記得"
"旅館提供舒服的床","舒服_A/床/舒服_A/那/旅館/那/負責_B/提供_B"
"每天游泳對身體很好","每天/游泳/對_A/身體/棒_A"
"桌上的瓶子插著一朵花","桌子/這/花瓶/花/放"
"我是最後一個交作業的人","你們/表格/寫/交/完成/我_B/最後"
"我住在台北","我_B/家_B/台北"
"你要好好照顧妹妹","妹妹/你/幫忙_N/照顧_A/要_S"
"請勿喧嘩，我們正在錄音","吵鬧/不//我們/錄音"
"我們遲到了，坐計程車去吧","我們/遲到_A//去_B/計程車/離開"
"老師的主要工作是教學","老師_S/正/工作/什麼/書/教"
"我本來是老師","我_B/原來/老師_S"
"他說我很漂亮","他_A/告訴/我_B/漂亮_S"
"新的手機要一萬元","手機/新/錢/一/萬"
"今天要考英文","今天/英文/考試S/要_S"
"謝謝你的幫忙","幫忙/謝謝_A"
"他們兩個人是我的朋友","他們兩個/我_B/朋友"
"我倆是好朋友，從小一起長大","我倆/朋友/長大"
"他覺得所有人都要害他","他_A/想/全部/害他"
"我覺得口渴了","我_B/覺得/口/渴"
"現在是晚餐時間","晚餐/時間_B/現在/這/現在"
"我剛考完試很累","剛剛/考試/完/我_B/累"
"跟我一同去郊遊","旅遊/玩/同/兩個去"
"明天市長要來","明天/市長/要來"
"牙齒是很堅硬的","牙齒/硬_A"
"睡覺前要刷牙","睡_A/前/刷牙/要_S"
"我家有三台卡車","我_B/家/卡車/三"
"上禮拜的颱風很大","上個星期/颱風/強"
"昨天我遺失了皮包，真倒楣。","昨天/皮包/遺失/怎麼辦_B/倒楣_C"
"他急著地離開","他_A/著急/走了_A"
"他昨天熬夜，所以今天請假","他_A/昨天/通宵/現在/請假"
"我會說三種語言","我_B/說/種類/三/知道_N"
"從我家到學校很遠","學校/我_B/家/很遠"
"我要看報紙","報紙/我_B/欣賞/要_S"
"我們一起走吧","我們兩個/來/走"
"妳願意嫁給我嗎?","嫁給我/要_N"
"我要準備比賽","比賽/我_B/準備/要_S"
"他的大衣很暖和","他_A/大/外套/暖和"
"吃飯前記得要先洗手","吃飯/之前/你/記得/洗手/首先"
"不要浪費時間","嗨/時間_A/浪費/不要_S"
"夏天的時候我們會吃西瓜","夏天_B/夏天_A/西瓜/吃"
"我們約好要去KTV唱歌","KTV/唱歌/我們/討論/好_B/去_B"
"歡迎光臨台灣","歡迎/人來/台灣"
"我找不到老師，怎麼辦?","老師_S/找/做不成/怎麼辦A/怎麼辦B"
"不要隨便亂丟垃圾","你/髒/丟/隨便/不要_S"
"你剛剛說了什麼?","你/剛剛/說/什麼_A"
"那個人是誰?","那/人_A/他_B/誰"
"你為什麼不相信我?","你/相信我/為什麼_B/相信我/不/相信我/為什麼_B"
"他願意和你結婚嗎？","他_A/你/結婚/他_A/肯"
"這塊木頭很稀有","這/木/塊/整/稀少"
"希望世界和平","希望/世界/和平"
"弟弟寫了一份備忘錄","弟弟/寫/紀錄_A/張/紀錄_A/寫"
"今年是年","今年//年"
"香蕉成熟後的外皮是黃色的","香蕉/外/皮/熱/變/黃"
"我昨天去看電影","我_B/昨天/電影/欣賞"
"爸爸原諒妹妹打破花瓶","花瓶/妹妹/打破/爸爸/原諒"
"年輕的時候要多閱讀","年輕/過去/年輕/時間_A/讀書/多_A/讀書/要_S"
"妹妹很喜歡那個男生","他_A/男/妹妹/見/喜歡"
"妹妹沒有看過雪","雪_B/妹妹/見/從來沒有_A"
"他的眼睛亮了起來","他_A/眼睛/這/亮"
"他考試得零分","他_A/考試_N/零分"
"他把暑假作業完成了,"他_A/暑假/作業/寫/全部_A/結束"
"七張","七張"
"九份","九份_A"
"九份","九份_B"
"八仙海岸","八仙海岸"
"八里","八里"
"十分","十分"
"十分風景特定區","十分風景特定區"
"三重","三重"
"三峽","三峽"
"三鶯","三鶯"
"下福","下福"
"土城","土城_A"
"土城","土城_B"
"士林","士林"
"大安","大安"
"大安森林公園","大安森林公園"
"大坪林","大坪林"
"小南門","小南門"
"中山","中山"
"中山國中","中山國中"
"中正紀念堂","中正紀念堂"
"中和","中和"
"五股","五股"
"五寮","五寮"
"內洞國家森林遊樂區","內洞國家森林遊樂區"
"內湖","內湖_A"
"內湖","內湖_B"
"公館","公館"
"木尾","木尾"
"木柵","木柵"
"北投","北投_A"
"北投","北投_B"
"北投","北投_C"
"北投溫泉","北投溫泉"
"北海岸國家風景區","北海岸國家風景區"
"古亭","古亭_A"
"古亭","古亭_B"
"台大醫院","台大醫院"
"台北","台北"
"台北101","台北101_A"
"台北101","台北101_B"
"台北市","台北市"
"台北市立動物園","台北市立動物園"
"台北縣","台北縣"
"台電大樓","台電大樓_A"
"台電大樓","台電大樓_B"
"四腳亭","四腳亭"
"市政府","市政府"
"平溪","平溪"
"民族","民族"
"民權西路","民權西路"
"永吉","永吉"
"永安市場","永安市場"
"永和","永和"
"永春","永春"
"永寧","永寧"
"石門","石門"
"石牌","石牌 _A"
"石牌","石牌 _B"
"石牌","石牌 _C"
"石牌","石牌_D"
"石碇","石碇"
"吉林","吉林"
"汐止","汐止"
"江子翠","江子翠"
"竹圍","竹圍_A"
"竹圍","竹圍_B"
"西門","西門"
"西門町","西門町"
"孝義","孝義"
"亞東醫院","亞東醫院"
"坪林","坪林"
"奇岩","奇岩"
"府中","府中"
"忠孝復興","忠孝復興"
"忠孝敦化","忠孝敦化"
"忠孝新生","忠孝新生"
"忠義","忠義"
"昆陽","昆陽"
"明德","明德"
"東湖","東湖"
"松山","松山_A"
"松山","松山_B"
"松山","松山_C"
"板橋","板橋_A"
"板橋","板橋_B"
"板橋","板橋_C"
"芝山","芝山"
"金山","金山"
"金瓜石","金瓜石"
"信賢","信賢"
"南京東路","南京東路"
"南港","南港_A"
"南港","南港_B"
"南雅","南雅"
"南勢角","南勢角"
"後山埤","後山埤"
"故宮博物院","故宮博物院"
"科技大樓","科技大樓"
"紅毛城","紅毛城_A"
"紅毛城","紅毛城_B"
"紅毛城","紅毛城_C"
"紅樹林","紅樹林"
"泰山","泰山"
"海山","海山"
"海王星遊艇樂園","海王星遊艇樂園"
"烏來溫泉","烏來溫泉"
"草里","草里"
"國父紀念館","國父紀念館"
"望古","望古_A"
"望古","望古_B"
"淡水","淡水"
"淡水老街","淡水老街"
"淡水漁人碼頭","淡水漁人碼頭"
"深坑","深坑"
"野柳","野柳_A"
"野柳","野柳_B"
"野柳海洋世界","野柳海洋世界"
"頂好商圈","頂好商圈"
"頂溪","頂溪"
"富貴角","富貴角_A"
"富貴角","富貴角_B"
"復興崗","復興崗_A"
"復興崗","復興崗_B"
"景安","景安"
"景美","景美"
"陽明山國家公園","陽明山國家公園_A"
"陽明山國家公園","陽明山國家公園_B"
"陽明山溫泉","陽明山溫泉_A"
"陽明山溫泉","陽明山溫泉_B"
"雲仙樂園","雲仙樂園"
"圓山","圓山"
"新北投","新北投_A"
"新北投","新北投 _B"
"新店","新店"
"新埔","新埔"
"新莊","新莊_A"
"新莊","新莊_B"
"瑞芳","瑞芳"
"瑞芳風景特定區","瑞芳風景特定區"
"萬里","萬里"
"萬芳","萬芳"
"萬芳醫院","萬芳醫院"
"萬華","萬華"
"萬隆","萬隆"
"碧潭風景特定區","碧潭風景特定區"
"福隆","福隆"
"福隆遊客服務中心","福隆遊客服務中心"
"翡翠水庫","翡翠水庫"
"鼻頭角","鼻頭角"
"劍潭","劍潭"
"樹林","樹林"
"貓空纜車","貓空纜車_A"
"貓空纜車","貓空纜車_B"
"龍洞","龍洞"
"龍洞南口海洋公園遊客服務中心","龍洞南口海洋公園遊客服務中心"
"雙連","雙連"
"雙溪","雙溪_A"
"雙溪","雙溪_B"
"關渡","關渡 _A"
"關渡","關渡_B"
"關渡","關渡_C"
"關渡","關渡_D"
"關渡自然公園","關渡自然公園"
"蘆洲","蘆洲_A"
"蘆洲","蘆洲_B"
"鶯歌","鶯歌"
"鶯歌石","鶯歌石"
"麟光","麟光"
"觀音山國家風景區","觀音山國家風景區"
"七堵","七堵"
"八斗子海濱公園","八斗子海濱公園"
"八堵","八堵"
"五堵","五堵"
"內寮","內寮_A"
"內寮","內寮_B"
"和平島","和平島"
"基金","基金"
"基隆","基隆_A"
"基隆","基隆_B"
"基隆市","基隆市"
"基隆港","基隆港"
"基隆碧砂漁港","基隆碧砂漁港"
"基隆廟口","基隆廟口_A"
"基隆廟口","基隆廟口_B"
"暖暖","暖暖"
"八德市","八德市"
"三坑","三坑_A"
"三坑","三坑_B"
"上靑埔","上靑埔"
"大華","大華"
"大園","大園"
"大溪","大溪_A"
"大溪","大溪_B"
"小人國","小人國"
"小烏來風景特定區","小烏來風景特定區"
"中正機場","中正機場"
"中海湖","中海湖"
"中壢","中壢_A"
"中壢","中壢_B"
"內壢","內壢"
"北橫公路","北橫公路"
"平鎮市","平鎮市"
"石門水庫","石門水庫_A"
"石門水庫","石門水庫_B"
"石門水庫風景特定區","石門水庫風景特定區_A"
"石門水庫風景特定區","石門水庫風景特定區_B"
"光華道路","光華道路"
"拉拉山風景特定區","拉拉山風景特定區"
"埔心","埔心"
"桃園","桃園_A"
"桃園","桃園_B"
"桃園國際機場","桃園國際機場"
"桃園縣","桃園縣"
"富岡","富岡"
"楊梅","楊梅"
"龍珠灣渡假中心","龍珠灣渡假中心"
"龍潭","龍潭"
"龜山","龜山"
"雙連坡","雙連坡"
"十分寮","十分寮"
"上員","上員"
"五峰","五峰_A"
"五峰","五峰_B"
"內灣","內灣_A"
"內灣","內灣_B"
"合興","合興"
"尖石","尖石"
"竹中","竹中"
"竹北","竹北"
"竹東","竹東"
"秀鑾","秀鑾"
"金鳥海族樂園","金鳥海族樂園"
"香山","香山"
"湖口","湖口"
"新竹","新竹_A"
"新竹","新竹_B"
"新竹市","新竹市"
"新竹科學園區","新竹科學園區"
"新竹縣","新竹縣"
"新豐","新豐_A"
"新豐","新豐_B"
"榮華","榮華"
"橫山","橫山_A"
"橫山","橫山_B"
"鎮西堡","鎮西堡"
"羅馬公路","羅馬公路"
"關西","關西"
"三義","三義"
"大山","大山"
"山佳","山佳_A"
"山佳","山佳_B"
"山佳","山佳_C"
"台灣少林寺","台灣少林寺"
"白沙屯","白沙屯"
"竹南","竹南_A"
"竹南","竹南_B"
"竹南","竹南_C"
"西湖","西湖"
"西湖渡假村","西湖渡假村"
"卓蘭","卓蘭_A"
"卓蘭","卓蘭_B"
"南河","南河_A"
"南河","南河_B"
"後龍","後龍_A"
"後龍","後龍_B"
"苑裡","苑裡_A"
"苑裡","苑裡_B"
"苗栗","苗栗_A"
"苗栗","苗栗 _B"
"苗栗縣","苗栗縣_A"
"苗栗縣","苗栗縣_B"
"泰安","泰安"
"泰安溫泉","泰安溫泉"
"清安道路","清安道路"
"通霄","通霄"
"造橋","造橋"
"雪覇國家公園","雪覇國家公園_A"
"雪霸國家公園","雪霸國家公園_B"
"獅頭山國家風景區","獅頭山國家風景區"
"銅鑼","銅鑼"
"談文","談文"
"龍港","龍港"
"豐富","豐富"
"麗園","麗園"
"蘇魯","蘇魯"
"鐵鉆山","鐵鉆山"
"響水","響水"
"灣寶","灣寶_A"
"灣寶","灣寶_B"
"八仙山國家森林遊樂區","八仙山國家森林遊樂區"
"八仙林道","八仙林道"
"三光","三光"
"下雪山坑","下雪山坑"
"大分","大分"
"大甲","大甲"
"大安港","大安港"
"大坑","大坑_A"
"大坑","大坑_B"
"大肚","大肚"
"大里","大里"
"大里市","大里市"
"大雪山國家森林遊樂區","大雪山國家森林遊樂區_A"
"大雪山國家森林遊樂區","大雪山國家森林遊樂區_B"
"大雅","大雅"
"大慶","大慶"
"小雪山","小雪山"
"中央尖山","中央尖山"
"天池","天池"
"天冷","天冷"
"太平市","太平市"
"太原","太原"
"日南","日南"
"月眉","月眉"
"月眉育樂世界","月眉育樂世界"
"台中","台中_A"
"台中","台中_B"
"台中","台中_C"
"台中","台中_D"
"台中市","台中市_A"
"台中市","台中市_B"
"台中港","台中港_A"
"台中港","台中港_B"
"台中港","台中港_C"
"台中縣","台中縣_A"
"台中縣","台中縣_B"
"台中縣","台中縣_C"
"台中縣","台中縣_D"
"外埔","外埔"
"石岡","石岡"
"后里","后里_A"
"后里","后里_B"
"后豐","后豐_A"
"后豐","后豐_B"
"成功","成功"
"志良","志良"
"沙鹿","沙鹿"
"谷關","谷關"
"谷關溫泉","谷關溫泉"
"亞哥花園","亞哥花園"
"東山樂園","東山樂園"
"東勢","東勢_A"
"東勢","東勢_B"
"東勢","東勢_C"
"東勢林場","東勢林場_A"
"東勢林場","東勢林場_B"
"武陵國家森林遊樂區","武陵國家森林遊樂區"
"南湖大山","南湖大山"
"思源啞口","思源啞口"
"烏日","烏日_A"
"烏日","烏日_B"
"神岡","神岡"
"追分","追分"
"國立自然科學博物館","國立自然科學博物館"
"埡口","埡口"
"梧棲","梧棲"
"梨山國家風景區","梨山國家風景區"
"梨山遊客中心","梨山遊客中心"
"清水","清水_A"
"清水","清水_B"
"逢甲夜市","逢甲夜市_A"
"逢甲夜市","逢甲夜市_B"
"雪山天地","雪山天地"
"勝光","勝光"
"新北庄","新北庄"
"新社","新社"
"新烏日","新烏日"
"福壽山農場","福壽山農場"
"潭子","潭子"
"龍井","龍井_A"
"龍井","龍井_B"
"龍泉","龍泉_A"
"龍泉","龍泉_B"
"豐原","豐原"
"霧峰","霧峰"
"九族文化村","九族文化村"
"八通關山","八通關山"
"大觀","大觀"
"中部橫貫公路","中部橫貫公路"
"中興系統","中興系統"
"仁愛","仁愛"
"日月潭","日月潭_A"
"日月潭","日月潭_B"
"日月潭","日月潭_C"
"日月潭國家風景區","日月潭國家風景區"
"水里","水里_A"
"水里","水里_B"
"水里","水里_C"
"水里遊客中心","水里遊客中心_A"
"水里遊客中心","水里遊客中心_B"
"幼獅","幼獅"
"民和","民和"
"玉山","玉山"
"玉山國家公園","玉山國家公園"
"玉山國家公園管理處","玉山國家公園管理處"
"玉峰","玉峰"
"合歡山","合歡山_A"
"合歡山","合歡山_B"
"合歡山國家森林遊樂區","合歡山國家森林遊樂區"
"名間","名間"
"地利","地利"
"竹山","竹山"
"杉林溪","杉林溪"
"秀姑巒山","秀姑巒山"
"東埔溫泉","東埔溫泉"
"東埔道路","東埔道路"
"武界","武界_A"
"武界","武界_B"
"武界林道","武界林道"
"青潭","青潭"
"信義","信義"
"南投縣","南投縣_A"
"南投縣","南投縣_B"
"南投縣","南投縣_C"
"春陽溫泉","春陽溫泉_A"
"春陽溫泉","春陽溫泉_B"
"埔里","埔里"
"埔里酒廠","埔里酒廠"
"神木","神木"
"草屯","草屯_A"
"草屯","草屯_B"
"馬博拉斯山","馬博拉斯山"
"國姓","國姓"
"梅峰農場","梅峰農場"
"清境農場","清境農場"
"魚池","魚池"
"鹿谷","鹿谷_A"
"鹿谷","鹿谷_B"
"集集","集集"
"雲海","雲海"
"塔塔加遊客中心","塔塔加遊客中心"
"奧萬大","奧萬大"
"奧萬大國家森林遊樂區","奧萬大國家森林遊樂區"
"溪頭","溪頭"
"溪頭國家風景區","溪頭國家風景區"
"溪頭國家森林遊樂區","溪頭國家森林遊樂區"
"萬大","萬大"
"濁水","濁水"
"頭社","頭社"
"雙子山","雙子山"
"廬山","廬山"
"廬山溫泉","廬山溫泉"
"霧社","霧社_A"
"霧社","霧社_B"
"霧社風景特定區","霧社風景特定區"
"觀高","觀高"
"二水","二水"
"八卦山","八卦山"
"八卦山國家風景區","八卦山國家風景區"
"大佛風景區","大佛風景區"
"大村","大村"
"大城","大城"
"北斗","北斗"
"永靖","永靖"
"田中","田中"
"田尾","田尾"
"田尾公路花園","田尾公路花園"
"快官","快官"
"和美","和美"
"社頭","社頭_A"
"社頭","社頭_B"
"花壇","花壇"
"員林","員林_A"
"員林","員林_B"
"員林","員林_C"
"員林","員林_D"
"鹿港","鹿港"
"鹿港天后宮","鹿港天后宮_A"
"鹿港天后宮","鹿港天后宮_B"
"鹿港龍山寺","鹿港龍山寺_A"
"鹿港龍山寺","鹿港龍山寺_B"
"溪州","溪州_A"
"溪州","溪州_B"
"溪湖","溪湖_A"
"溪湖","溪湖_B"
"彰化","彰化_A"
"彰化","彰化_B"
"彰化縣","彰化縣_A"
"彰化縣","彰化縣_B"
"線西","線西"
"薑埔寮","薑埔寮"
"口湖","口湖"
"土庫","土庫"
"元長","元長"
"斗六","斗六_A"
"斗六","斗六_B"
"斗南","斗南"
"水林","水林"
"北港","北港"
"北港朝天宮","北港朝天宮"
"古坑","古坑"
"台西","台西"
"四湖","四湖"
"石龜","石龜"
"西螺","西螺"
"林內","林內"
"虎尾","虎尾_A"
"虎尾","虎尾_B"
"草嶺","草嶺_A"
"草嶺","草嶺_B"
"莿桐","莿桐"
"雲林","雲林"
"雲林縣","雲林縣"
"劍湖山世界","劍湖山世界_A"
"劍湖山世界","劍湖山世界_B"
"十字路","十字路"
"大林","大林"
"大埔","大埔"
"大崙","大崙"
"山美","山美"
"六腳","六腳_A"
"六腳","六腳_B"
"太和","太和"
"太保市","太保市_A"
"太保市","太保市_B"
"水上","水上"
"布袋","布袋"
"民雄","民雄_A"
"民雄","民雄_B"
"多林","多林"
"竹崎","竹崎_A"
"竹崎","竹崎_B"
"自忠","自忠_A"
"自忠","自忠_B"
"自忠","自忠_C"
"里佳","里佳"
"東石","東石"
"阿里山國家公園","阿里山國家公園"
"阿里山國家風景區","阿里山國家風景區"
"阿里山國家森林遊樂區","阿里山國家森林遊樂區"
"南靖","南靖"
"茶山","茶山"
"排雲山莊","排雲山莊"
"梅山","梅山"
"梅山遊客中心","梅山遊客中心"
"梨園寮","梨園寮"
"鹿草","鹿草"
"曾文水庫","曾文水庫"
"曾文水庫風景特定區","曾文水庫風景特定區"
"新港","新港"
"瑞里","瑞里"
"義竹","義竹_A"
"義竹","義竹_B"
"達納伊谷","達納伊谷"
"嘉北","嘉北"
"嘉新","嘉新"
"嘉義","嘉義_A"
"嘉義","嘉義_B"
"嘉義市","嘉義市"
"嘉義農場","嘉義農場"
"嘉義縣","嘉義縣"
"奮起湖","奮起湖_A"
"奮起湖","奮起湖_B"
"獨立山","獨立山"
"龍美","龍美"
"覆金","覆金"
"豐山","豐山"
"觸口","觸口"
"蘭潭","蘭潭"
"七股","七股"
"大內","大內"
"大橋","大橋"
"山上","山上"
"中洲","中洲"
"仁德","仁德"
"六甲","六甲"
"北門","北門"
"台南","台南_A"
"台南","台南_B"
"台南","台南_C"
"台南","台南_D"
"台南市","台南市_A"
"台南市","台南市_B"
"台南縣","台南縣_A"
"台南縣","台南縣_B"
"永康","永康"
"玉井","玉井"
"白河","白河"
"安平古堡","安平古堡"
"安定","安定"
"西港","西港"
"赤崁樓","赤崁樓"
"佳里","佳里"
"官田","官田"
"拔林","拔林"
"林鳳營","林鳳營"
"保安","保安"
"南化","南化"
"南湖","南湖"
"後壁","後壁"
"柳營","柳營"
"烏山頭","烏山頭"
"烏山頭水庫風景特定區","烏山頭水庫風景特定區"
"將軍","將軍"
"麻豆","麻豆"
"善化","善化_A"
"善化","善化_B"
"喜樹","喜樹"
"隆田","隆田"
"雲嘉南濱國家風景區","雲嘉南濱國家風景區"
"新化","新化"
"新市","新市"
"新光","新光"
"新營","新營_A"
"新營","新營_B"
"頑皮世界遊憩區","頑皮世界遊憩區"
"學甲","學甲"
"歸仁","歸仁"
"關子嶺","關子嶺_A"
"關子嶺","關子嶺_B"
"關廟","關廟"
"鹽水","鹽水_A"
"鹽水","鹽水_B"
"灣裡","灣裡"
"九曲堂","九曲堂"
"大社","大社_A"
"大社","大社_B"
"大社","大社_C"
"大崗山溫泉","大崗山溫泉"
"大湖","大湖_A"
"大湖","大湖_B"
"大寮","大寮"
"大樹","大樹"
"小港","小港"
"不老溫泉","不老溫泉"
"五甲","五甲"
"仁武","仁武_A"
"仁武","仁武_B"
"內門","內門"
"六龜","六龜"
"外寮","外寮_A"
"外寮","外寮_B"
"左營","左營"
"布魯樂谷","布魯樂谷_A"
"布魯樂谷","布魯樂谷_B"
"永安","永安"
"田寮","田寮"
"甲仙","甲仙"
"石橋","石橋"
"多納溫泉","多納溫泉"
"西子灣","西子灣"
"杉林","杉林"
"岡山","岡山"
"林園","林園"
"阿蓮","阿蓮"
"南山","南山"
"南玉山","南玉山"
"南寮漁港","南寮漁港"
"南橫公路","南橫公路"
"後庄","後庄_A"
"後庄","後庄_B"
"美濃","美濃"
"茂林","茂林"
"茄萣","茄萣"
"桃源","桃源"
"荖濃","荖濃"
"高屏大橋","高屏大橋"
"高雄","高雄"
"高雄市","高雄市"
"高雄國際機場","高雄國際機場"
"高雄港","高雄港"
"高雄縣","高雄縣"
"國立科學工藝博物館","國立科學工藝博物館"
"梓官","梓官"
"鳥松","鳥松"
"湖內","湖內"
"勤和","勤和_A"
"勤和","勤和_B"
"愛河","愛河"
"新左營","新左營"
"楠梓","楠梓"
"萬壽山風景區","萬壽山風景區"
"路竹","路竹_A"
"路竹","路竹_B"
"鼎金","鼎金"
"旗山","旗山"
"旗尾","旗尾"
"旗津","旗津_A"
"旗津","旗津_B"
"旗津","旗津_C"
"鳳山","鳳山_A"
"鳳山","鳳山_B"
"鳳山市","鳳山市"
"澄清湖風景特定區","澄清湖風景特定區"
"蓮池潭風景區","蓮池潭風景區"
"橋頭","橋頭"
"燕巢","燕巢_A"
"燕巢","燕巢_B"
"嶺口","嶺口"
"彌陀","彌陀"
"檜谷","檜谷_A"
"檜谷","檜谷_B"
"藤枝國家森林遊樂園","藤枝國家森林遊樂園_A"
"藤枝國家森林遊樂園","藤枝國家森林遊樂園_B"
"寶來","寶來"
"寶來溫泉","寶來溫泉"
"龔厝","龔厝"
"九如","九如"
"八大森林博覽樂園","八大森林博覽樂園"
"三地門","三地門"
"大洲","大洲"
"大鵬灣國家風景區管理處","大鵬灣國家風景區管理處"
"小琉球","小琉球_A"
"小琉球","小琉球_B"
"中央隧道","中央隧道"
"內埔","內埔"
"內獅","內獅"
"水底寮","水底寮"
"古樓","古樓"
"竹田","竹田_A"
"竹田","竹田_B"
"西勢","西勢"
"里港","里港"
"佳冬","佳冬_A"
"佳冬","佳冬_B"
"佳平","佳平"
"來義","來義"
"東山","東山"
"東海","東海_A"
"東海","東海_B"
"東港","東港"
"枋山","枋山"
"枋寮","枋寮"
"林邊","林邊"
"長治","長治"
"南大武山","南大武山"
"南州","南州_A"
"南州","南州_B"
"南勢","南勢"
"屏東","屏東"
"屏東縣","屏東縣"
"恆春","恆春"
"茂林國家風景區管理處","茂林國家風景區管理處"
"泰武","泰武"
"海坪","海坪"
"烏龍","烏龍"
"高樹","高樹"
"新埤","新埤"
"新園","新園"
"新樂","新樂"
"源泉","源泉"
"萬丹","萬丹"
"萬巒","萬巒_A"
"萬巒","萬巒_B"
"萬巒","萬巒_C"
"滿洲","滿洲"
"福興","福興"
"鼻頭","鼻頭"
"潮州","潮州_A"
"潮州","潮州_B"
"墾丁","墾丁"
"墾丁公園","墾丁公園"
"墾丁國家公園","墾丁國家公園_A"
"墾丁國家公園","墾丁國家公園_B"
"歸來","歸來"
"鎮安","鎮安"
"霧台","霧台"
"響林","響林"
"鹽埔","鹽埔_A"
"鹽埔","鹽埔_B"
"八仙洞","八仙洞"
"三仙台","三仙台"
"三和","三和"
"大武","大武"
"大武山","大武山"
"山里","山里"
"太麻里","太麻里"
"月美","月美_A"
"月美","月美_B"
"水往上流奇景","水往上流奇景"
"北大武山","北大武山_A"
"北大武山","北大武山_B"
"古莊","古莊_A"
"古莊","古莊_B"
"古莊","古莊_C"
"台東","台東"
"台東縣","台東縣"
"石雨傘","石雨傘"
"向陽","向陽"
"池上","池上"
"池上牧野渡假村","池上牧野渡假村"
"利稻","利稻"
"初來","初來"
"初鹿","初鹿_A"
"初鹿","初鹿_B"
"初鹿牧場","初鹿牧場"
"宜灣","宜灣_A"
"宜灣","宜灣_B"
"延平","延平"
"東河","東河"
"東部海岸國家風景區管理處","東部海岸國家風景區管理處/遊客服務中心"
"東部海岸國家風景區遊客服務中心","東部海岸國家風景區管理處/遊客服務中心"
"知本","知本"
"紅葉溫泉","紅葉溫泉"
"香蘭","香蘭"
"海端","海端_A"
"海端","海端_B"
"康樂","康樂"
"都歷","都歷"
"鹿野","鹿野_A"
"鹿野","鹿野_B"
"富山","富山"
"新吉","新吉"
"新武","新武"
"新興","新興"
"瑞和","瑞和_A"
"瑞和","瑞和_B"
"瑞源","瑞源"
"電光","電光"
"綠島","綠島_A"
"綠島","綠島_B"
"廣興","廣興"
"慶豐","慶豐_A"
"慶豐","慶豐_B"
"關山","關山"
"霧鹿","霧鹿"
"瀧溪","瀧溪"
"蘭嶼","蘭嶼_A"
"蘭嶼","蘭嶼_B"
"八里灣","八里灣"
"三民","三民"
"大富","大富"
"大港口","大港口"
"仁和","仁和"
"天祥","天祥"
"太魯閣","太魯閣"
"太魯閣國家公園","太魯閣國家公園_A"
"太魯閣國家公園","太魯閣國家公園_B"
"太魯閣國家公園管理處遊客中心","太魯閣國家公園管理處遊客中心_A"
"太魯閣國家公園管理處遊客中心","太魯閣國家公園管理處遊客中心_B"
"文山溫泉","文山溫泉_A"
"文山溫泉","文山溫泉_B"
"文蘭","文蘭"
"北埔","北埔"
"平和","平和"
"玉里","玉里"
"石梯坪","石梯坪"
"立霧主山","立霧主山"
"光復","光復_A"
"光復","光復_B"
"光豐公路","光豐公路_A"
"光豐公路","光豐公路_B"
"吉安","吉安"
"多美麗","多美麗"
"安通溫泉","安通溫泉"
"池南國家森林遊樂區","池南國家森林遊樂區"
"竹林","竹林"
"志學","志學"
"秀林","秀林"
"和仁","和仁"
"和平","和平"
"和平林道","和平林道"
"奇萊北峰","奇萊北峰"
"東方夏威夷遊樂園","東方夏威夷遊樂園"
"東竹","東竹"
"東里","東里"
"花東太魯閣峽谷","花東太魯閣峽谷"
"花東海岸公路","花東海岸公路"
"花東縱谷","花東縱谷"
"花東縱谷國家風景區","花東縱谷國家風景區"
"花蓮","花蓮_A"
"花蓮","花蓮_B"
"花蓮","花蓮_C"
"花蓮主題樂園","花蓮主題樂園"
"花蓮市","花蓮市"
"花蓮海洋公園","花蓮海洋公園_A"
"花蓮海洋公園","花蓮海洋公園_B"
"花蓮港","花蓮港"
"花蓮遊客中心","花蓮遊客中心_A"
"花蓮遊客中心","花蓮遊客中心_B"
"花蓮機場","花蓮機場"
"花蓮縣","花蓮縣"
"南平","南平"
"南安","南安"
"南安遊客中心","南安遊客中心"
"南華","南華"
"春日","春日"
"海洋公園","海洋公園"
"高登","高登"
"崇德","崇德_A"
"崇德","崇德_B"
"富世","富世"
"富田","富田"
"富里","富里"
"富源","富源"
"富源國家森林遊樂區","富源國家森林遊樂區"
"復興","復興"
"慈恩","慈恩"
"新白楊","新白楊"
"新兆豐農場","新兆豐農場_A"
"新兆豐農場","新兆豐農場_B"
"新城","新城"
"溪口","溪口"
"獅球嶼","獅球嶼"
"瑞北","瑞北_A"
"瑞北","瑞北_B"
"瑞穗","瑞穗"
"瑞穗泛舟服務中心","瑞穗泛舟服務中心"
"瑞穗溫泉","瑞穗溫泉"
"萬榮","萬榮_A"
"萬榮","萬榮_B"
"壽豐","壽豐"
"碧綠","碧綠"
"銅門","銅門"
"鳳林","鳳林"
"樂合","樂合_A"
"樂合","樂合_B"
"蝴蝶谷","蝴蝶谷"
"靜安","靜安"
"豐田","豐田"
"豐濱","豐濱"
"蘇花公路","蘇花公路"
"鶴岡","鶴岡_A"
"鶴岡","鶴岡_B"
"鹽寮","鹽寮"
"二結","二結"
"三星","三星"
"土場","土場"
"大同","大同"
"大福","大福"
"中里","中里"
"五間","五間"
"太平山","太平山"
"牛鬥","牛鬥"
"冬山","冬山"
"冬山河國家風景區","冬山河國家風景區"
"冬山河親子公園","冬山河親子公園_A"
"冬山河親子公園","冬山河親子公園_B"
"古魯","古魯"
"古魯林道","古魯林道"
"四季","四季"
"外澳","外澳"
"永樂","永樂"
"石城","石城"
"竹安","竹安"
"壯圍","壯圍"
"宜蘭","宜蘭"
"宜蘭市","宜蘭市"
"宜蘭縣","宜蘭縣"
"明池","明池"
"明池國家森林遊樂區","明池國家森林遊樂區"
"東北角海岸國家風景區","東北角海岸國家風景區"
"東澳","東澳_A"
"東澳","東澳_B"
"武塔","武塔"
"南方澳","南方澳"
"南澳","南澳"
"烏石鄉漁港","烏石鄉漁港"
"清水地熱","清水地熱"
"清水溪道路","清水溪道路"
"頂埔","頂埔"
"寒溪","寒溪"
"棲蘭國家森林遊樂區","棲蘭國家森林遊樂區"
"無尾港","無尾港"
"新馬","新馬"
"漢本","漢本"
"頭城","頭城"
"龜山島","龜山島_A"
"龜山島","龜山島_B"
"龜卵島","龜卵島"
"礁溪","礁溪"
"礁溪溫泉","礁溪溫泉"
"羅東","羅東"
"蘇澳冷泉","蘇澳冷泉_A"
"蘇澳冷泉","蘇澳冷泉_B"
"蘇澳港","蘇澳港"
"蘇澳新站","蘇澳新站_A"
"蘇澳新站","蘇澳新站_B"
"七美","七美"
"七美機場","七美機場"
"七美嶼","七美嶼"
"八罩島","八罩島"
"大倉嶼","大倉嶼"
"大嶼","大嶼"
"小門嶼","小門嶼"
"白沙","白沙"
"池西","池西"
"西吉嶼","西吉嶼"
"西嶼","西嶼"
"西嶼坪嶼","西嶼坪嶼"
"東吉嶼","東吉嶼"
"東嶼坪嶼","東嶼坪嶼"
"花嶼","花嶼"
"虎井嶼","虎井嶼"
"員貝嶼","員貝嶼"
"草嶼","草嶼"
"馬公市","馬公市"
"馬公機場","馬公機場"
"將軍澳嶼","將軍澳嶼"
"望安","望安"
"望安島","望安島"
"桶盤嶼","桶盤嶼"
"鳥嶼","鳥嶼"
"湖西","湖西"
"澎湖國家風景區","澎湖國家風景區"
"澎湖縣","澎湖縣"
"澎湖灣","澎湖灣_A"
"澎湖灣","澎湖灣_B"
"貓嶼","貓嶼"
"金門縣","金門縣"
"馬祖","馬祖"
"刁","刁"
"丁","丁"
"山","山"
"弓","弓"
"于","于"
"勾","勾"
"元","元"
"公","公"
"仇","仇"
"井","井"
"方","方"
"水","水"
"尤","尤"
"尹","尹"
"卞","卞"
"毋","毋"
"文","文"
"孔","孔"
"毛","毛"
"王","王"
"牛","牛"
"巴","巴"
"戈","戈"
"包","包"
"左","左"
"弘","弘"
"平","平"
"石","石"
"白","白"
"甘","甘"
"申","申"
"皮","皮"
"田","田"
"司","司"
"史","史"
"充","充"
"古","古"
"仲","仲"
"全","全"
"任","任"
"危","危"
"印","印"
"向","向"
"匡","匡"
"安","安"
"成","成"
"朱","朱"
"米","米"
"艾","艾"
"羊","羊"
"江","江"
"池","池"
"曲","曲"
"仰","仰"
"伍","伍"
"伊","伊"
"伏","伏"
"冷","冷"
"何","何"
"李","李"
"杜","杜"
"沈","沈"
"汲","汲"
"沃","沃"
"束","束"
"沙","沙"
"步","步"
"汪","汪"
"辛","辛"
"阮","阮"
"車","車"
"邢","邢"
"貝","貝"
"利","利"
"別","別"
"吳","吳"
"呂","呂"
"岑","岑"
"宋","宋"
"扶","扶"
"那","那"
"居","居"
"尚","尚"
"宗","宗"
"於","於"
"房","房"
"松","松"
"林","林"
"明","明"
"易","易"
"杭","杭"
"東","東"
"昌","昌"
"武","武"
"牧","牧"
"空","空"
"花","花"
"芮","芮"
"邱","邱"
"金","金"
"邴","邴"
"邰","邰"
"邵","邵"
"卓","卓"
"和","和"
"周","周"
"孟","孟"
"幸","幸"
"季","季"
"屈","屈"
"竺","竺"
"施","施"
"查","查"
"柯","柯"
"柏","柏"
"柳","柳"
"洪","洪"
"段","段"
"相","相"
"秋","秋"
"胡","胡"
"紀","紀"
"紅","紅"
"苗","苗"
"茅","茅"
"郎","郎"
"後","後"
"封","封"
"宣","宣"
"侯","侯"
"卻","卻"
"姚","姚"
"計","計"
"姬","姬"
"唐","唐"
"倪","倪"
"夏","夏"
"奚","奚"
"師","師"
"宰","宰"
"庫","庫"
"席","席"
"家","家"
"容","容"
"孫","孫"
"徐","徐"
"時","時"
"晏","晏"
"桑","桑"
"桂","桂"
"柴","柴"
"烏","烏"
"珠","珠"
"班","班"
"益","益"
"祖","祖"
"祝","祝"
"秦","秦"
"翁","翁"
"耿","耿"
"能","能"
"荊","荊"
"茹","茹"
"荀","荀"
"袁","袁"
"貢","貢"
"馬","馬"
"高","高"
"郗","郗"
"浦","浦"
"郝","郝"
"國","國"
"堵","堵"
"宿","宿"
"屠","屠"
"巢","巢"
"常","常"
"康","康"
"張","張"
"強","強"
"從","從"
"戚","戚"
"曹","曹"
"梁","梁"
"梅","梅"
"畢","畢"
"盛","盛"
"符","符"
"終","終"
"習","習"
"莘","莘"
"莫","莫"
"莊","莊"
"許","許"
"通","通"
"連","連"
"郭","郭"
"都","都"
"陳","陳"
"陸","陸"
"陶","陶"
"章","章"
"魚","魚"
"麻","麻"
"崔","崔"
"庾","庾"
"淩","淩"
"勞","勞"
"單","單"
"富","富"
"惠","惠"
"景","景"
"曾","曾"
"湯","湯"
"焦","焦"
"程","程"
"童","童"
"舒","舒"
"華","華"
"費","費"
"賀","賀"
"越","越"
"鈕","鈕"
"閔","閔"
"陽","陽"
"隆","隆"
"雲","雲"
"項","項"
"須","須"
"馮","馮"
"黃","黃"
"傅","傅"
"喬","喬"
"彭","彭"
"幹","幹"
"廉","廉"
"慎","慎"
"楊","楊"
"溫","溫"
"滑","滑"
"萬","萬"
"葉","葉"
"葛","葛"
"董","董"
"解","解"
"詹","詹"
"路","路"
"農","農"
"遊","遊"
"雷","雷"
"鄔","鄔"
"隗","隗"
"溥","溥"
"裘","裘"
"壽","壽"
"廖","廖"
"榮","榮"
"滿","滿"
"熊","熊"
"管","管"
"聞","聞"
"蒙","蒙"
"蒲","蒲"
"蒼","蒼"
"裴","裴"
"褚","褚"
"趙","趙"
"鳳","鳳"
"齊","齊"
"劉","劉"
"廣","廣"
"慕","慕"
"暴","暴"
"樂","樂"
"歐","歐"
"滕","滕"
"穀","穀"
"範","範"
"蔚","蔚"
"蔣","蔣"
"蔡","蔡"
"蔔","蔔"
"蓬","蓬"
"衛","衛"
"談","談"
"諸","諸"
"鄭","鄭"
"養","養"
"餘","餘"
"魯","魯"
"潘","潘"
"黎","黎"
"曆","曆"
"燕","燕"
"盧","盧"
"蕭","蕭"
"融","融"
"衡","衡"
"賴","賴"
"錢","錢"
"駱","駱"
"龍","龍"
"霍","霍"
"鮑","鮑"
"儲","儲"
"應","應"
"戴","戴"
"薑","薑"
"薊","薊"
"謝","謝"
"鍾","鍾"
"韓","韓"
"簡","簡"
"聶","聶"
"藍","藍"
"豐","豐"
"雙","雙"
"顏","顏"
"魏","魏"
"懷","懷"
"羅","羅"
"邊","邊"
"關","關"
"瞿","瞿"
"龐","龐"
"嚴","嚴"
"蘇","蘇"
"饒","饒"
"鹹","鹹"
"黨","黨"
"顧","顧"
"酆","酆"
"權","權"
"酈","酈"
"龔","龔"
"上官","上官"
"公羊","公羊"
"公冶","公冶"
"公孫","公孫"
"太叔","太叔"
"令狐","令狐"
"司空","司空"
"司徒","司徒"
"司馬","司馬"
"申屠","申屠"
"仲孫","仲孫"
"宇文","宇文"
"宗政","宗政"
"東方","東方"
"長孫","長孫"
"夏侯","夏侯"
"徐離","徐離"
"軒轅","軒轅"
"單於","單於"
"萬俟","萬俟"
"聞人","聞人"
"慕容","慕容"
"歐陽","歐陽"
"諸葛","諸葛"
"皇甫","皇甫"
"尉遲","尉遲"
"淳于","淳于"